STRUCTURE,STRUCTURE_ID,STRUCTURE_NAME,ACTION,REF_AREA,,MEASURE,,UNIT_MEASURE,,TRANSFORMATION,,ADJUSTMENT,,SEX,,AGE,,ACTIVITY,,FREQ,,TIME_PERIOD,,OBS_VALUE,,BASE_PER,,OBS_STATUS,,UNIT_MULT,,DECIMALS,
DATAFLOW,OECD.SDD.TPS:DSD_LFS@DF_IALFS_UNE_M(1.0),,I,CAN,,UNE_LF_M,,PT_LF_SUB,,_Z,,Y,,_T,,Y_GE15,,_Z,,M,,2025-02,,6.6,,,,A,,0,,1,
DATAFLOW,OECD.SDD.TPS:DSD_LFS@DF_IALFS_UNE_M(1.0),,I,CAN,,UNE_LF_M,,PT_LF_SUB,,_Z,,Y,,_T,,Y_GE15,,_Z,,M,,2025-03,,6.8,,,,A,,0,,1,
DATAFLOW,OECD.SDD.TPS:DSD_LFS@DF_IALFS_UNE_M(1.0),,I,CAN,,UNE_LF_M,,PT_LF_SUB,,_Z,,Y,,_T,,Y_GE15,,_Z,,M,,2025-04,,6.9,,,,A,,0,,1,
DATAFLOW,OECD.SDD.TPS:DSD_LFS@DF_IALFS_UNE_M(1.0),,I,CAN,,UNE_LF_M,,PT_LF_SUB,,_Z,,Y,,_T,,Y_GE15,,_Z,,M,,2025-05,,7,,,,A,,0,,1,
DATAFLOW,OECD.SDD.TPS:DSD_LFS@DF_IALFS_UNE_M(1.0),,I,CAN,,UNE_LF_M,,PT_LF_SUB,,_Z,,Y,,_T,,Y_GE15,,_Z,,M,,2025-06,,6.9,,,,A,,0,,1,
DATAFLOW,OECD.SDD.TPS:DSD_LFS@DF_IALFS_UNE_M(1.0),,I,CAN,,UNE_LF_M,,PT_LF_SUB,,_Z,,Y,,_T,,Y_GE15,,_Z,,M,,2025-07,,6.9,,,,A,,0,,1,
DATAFLOW,OECD.SDD.TPS:DSD_LFS@DF_IALFS_UNE_M(1.0),,I,CAN,,UNE_LF_M,,PT_LF_SUB,,_Z,,Y,,_T,,Y_GE15,,_Z,,M,,2025-08,,7.1,,,,A,,0,,1,
DATAFLOW,OECD.SDD.TPS:DSD_LFS@DF_IALFS_UNE_M(1.0),,I,CAN,,UNE_LF_M,,PT_LF_SUB,,_Z,,Y,,_T,,Y_GE15,,_Z,,M,,2025-09,,7.1,,,,A,,0,,1,
DATAFLOW,OECD.SDD.TPS:DSD_LFS@DF_IALFS_UNE_M(1.0),,I,CAN,,UNE_LF_M,,PT_LF_SUB,,_Z,,Y,,_T,,Y_GE15,,_Z,,M,,2025-10,,6.9,,,,A,,0,,1,
DATAFLOW,OECD.SDD.TPS:DSD_LFS@DF_IALFS_UNE_M(1.0),,I,CAN,,UNE_LF_M,,PT_LF_SUB,,_Z,,Y,,_T,,Y_GE15,,_Z,,M,,2025-11,,6.6,,,,A,,0,,1,
DATAFLOW,OECD.SDD.TPS:DSD_LFS@DF_IALFS_UNE_M(1.0),,I,CAN,,UNE_LF_M,,PT_LF_SUB,,_Z,,Y,,_T,,Y_GE15,,_Z,,M,,2025-12,,6.8,,,,A,,0,,1,
DATAFLOW,OECD.SDD.TPS:DSD_LFS@DF_IALFS_UNE_M(1.0),,I,CAN,,UNE_LF_M,,PT_LF_SUB,,_Z,,Y,,_T,,Y_GE15,,_Z,,M,,2026-01,,6.5,,,,A,,0,,1,
DATAFLOW,OECD.SDD.TPS:DSD_LFS@DF_IALFS_UNE_M(1.0),,I,USA,,UNE_LF_M,,PT_LF_SUB,,_Z,,Y,,_T,,Y_GE15,,_Z,,M,,2025-02,,4.2,,,,A,,0,,1,
DATAFLOW,OECD.SDD.TPS:DSD_LFS@DF_IALFS_UNE_M(1.0),,I,USA,,UNE_LF_M,,PT_LF_SUB,,_Z,,Y,,_T,,Y_GE15,,_Z,,M,,2025-03,,4.2,,,,A,,0,,1,
DATAFLOW,OECD.SDD.TPS:DSD_LFS@DF_IALFS_UNE_M(1.0),,I,USA,,UNE_LF_M,,PT_LF_SUB,,_Z,,Y,,_T,,Y_GE15,,_Z,,M,,2025-04,,4.2,,,,A,,0,,1,
DATAFLOW,OECD.SDD.TPS:DSD_LFS@DF_IALFS_UNE_M(1.0),,I,USA,,UNE_LF_M,,PT_LF_SUB,,_Z,,Y,,_T,,Y_GE15,,_Z,,M,,2025-05,,4.3,,,,A,,0,,1,
DATAFLOW,OECD.SDD.TPS:DSD_LFS@DF_IALFS_UNE_M(1.0),,I,USA,,UNE_LF_M,,PT_LF_SUB,,_Z,,Y,,_T,,Y_GE15,,_Z,,M,,2025-06,,4.1,,,,A,,0,,1,
DATAFLOW,OECD.SDD.TPS:DSD_LFS@DF_IALFS_UNE_M(1.0),,I,USA,,UNE_LF_M,,PT_LF_SUB,,_Z,,Y,,_T,,Y_GE15,,_Z,,M,,2025-07,,4.3,,,,A,,0,,1,
DATAFLOW,OECD.SDD.TPS:DSD_LFS@DF_IALFS_UNE_M(1.0),,I,USA,,UNE_LF_M,,PT_LF_SUB,,_Z,,Y,,_T,,Y_GE15,,_Z,,M,,2025-08,,4.3,,,,A,,0,,1,
DATAFLOW,OECD.SDD.TPS:DSD_LFS@DF_IALFS_UNE_M(1.0),,I,USA,,UNE_LF_M,,PT_LF_SUB,,_Z,,Y,,_T,,Y_GE15,,_Z,,M,,2025-09,,4.4,,,,A,,0,,1,
DATAFLOW,OECD.SDD.TPS:DSD_LFS@DF_IALFS_UNE_M(1.0),,I,USA,,UNE_LF_M,,PT_LF_SUB,,_Z,,Y,,_T,,Y_GE15,,_Z,,M,,2025-11,,4.5,,,,A,,0,,1,
DATAFLOW,OECD.SDD.TPS:DSD_LFS@DF_IALFS_UNE_M(1.0),,I,USA,,UNE_LF_M,,PT_LF_SUB,,_Z,,Y,,_T,,Y_GE15,,_Z,,M,,2025-12,,4.4,,,,A,,0,,1,
DATAFLOW,OECD.SDD.TPS:DSD_LFS@DF_IALFS_UNE_M(1.0),,I,USA,,UNE_LF_M,,PT_LF_SUB,,_Z,,Y,,_T,,Y_GE15,,_Z,,M,,2026-01,,4.3,,,,A,,0,,1,
DATAFLOW,OECD.SDD.TPS:DSD_LFS@DF_IALFS_UNE_M(1.0),,I,GBR,,UNE_LF_M,,PT_LF_SUB,,_Z,,Y,,_T,,Y_GE15,,_Z,,M,,2025-02,,4.5,,,,A,,0,,1,
DATAFLOW,OECD.SDD.TPS:DSD_LFS@DF_IALFS_UNE_M(1.0),,I,GBR,,UNE_LF_M,,PT_LF_SUB,,_Z,,Y,,_T,,Y_GE15,,_Z,,M,,2025-03,,4.6,,,,A,,0,,1,
DATAFLOW,OECD.SDD.TPS:DSD_LFS@DF_IALFS_UNE_M(1.0),,I,GBR,,UNE_LF_M,,PT_LF_SUB,,_Z,,Y,,_T,,Y_GE15,,_Z,,M,,2025-04,,4.7,,,,A,,0,,1,
DATAFLOW,OECD.SDD.TPS:DSD_LFS@DF_IALFS_UNE_M(1.0),,I,GBR,,UNE_LF_M,,PT_LF_SUB,,_Z,,Y,,_T,,Y_GE15,,_Z,,M,,2025-05,,4.7,,,,A,,0,,1,
DATAFLOW,OECD.SDD.TPS:DSD_LFS@DF_IALFS_UNE_M(1.0),,I,GBR,,UNE_LF_M,,PT_LF_SUB,,_Z,,Y,,_T,,Y_GE15,,_Z,,M,,2025-06,,4.7,,,,A,,0,,1,
DATAFLOW,OECD.SDD.TPS:DSD_LFS@DF_IALFS_UNE_M(1.0),,I,GBR,,UNE_LF_M,,PT_LF_SUB,,_Z,,Y,,_T,,Y_GE15,,_Z,,M,,2025-07,,4.8,,,,A,,0,,1,
DATAFLOW,OECD.SDD.TPS:DSD_LFS@DF_IALFS_UNE_M(1.0),,I,GBR,,UNE_LF_M,,PT_LF_SUB,,_Z,,Y,,_T,,Y_GE15,,_Z,,M,,2025-08,,5,,,,A,,0,,1,
DATAFLOW,OECD.SDD.TPS:DSD_LFS@DF_IALFS_UNE_M(1.0),,I,GBR,,UNE_LF_M,,PT_LF_SUB,,_Z,,Y,,_T,,Y_GE15,,_Z,,M,,2025-09,,5.1,,,,A,,0,,1,
DATAFLOW,OECD.SDD.TPS:DSD_LFS@DF_IALFS_UNE_M(1.0),,I,GBR,,UNE_LF_M,,PT_LF_SUB,,_Z,,Y,,_T,,Y_GE15,,_Z,,M,,2025-10,,5.1,,,,A,,0,,1,
DATAFLOW,OECD.SDD.TPS:DSD_LFS@DF_IALFS_UNE_M(1.0),,I,GBR,,UNE_LF_M,,PT_LF_SUB,,_Z,,Y,,_T,,Y_GE15,,_Z,,M,,2025-11,,5.2,,,,A,,0,,1,
DATAFLOW,OECD.SDD.TPS:DSD_LFS@DF_IALFS_UNE_M(1.0),,I,NLD,,UNE_LF_M,,PT_LF_SUB,,_Z,,Y,,_T,,Y_GE15,,_Z,,M,,2025-02,,3.8,,,,A,,0,,1,
DATAFLOW,OECD.SDD.TPS:DSD_LFS@DF_IALFS_UNE_M(1.0),,I,NLD,,UNE_LF_M,,PT_LF_SUB,,_Z,,Y,,_T,,Y_GE15,,_Z,,M,,2025-03,,3.9,,,,A,,0,,1,
DATAFLOW,OECD.SDD.TPS:DSD_LFS@DF_IALFS_UNE_M(1.0),,I,NLD,,UNE_LF_M,,PT_LF_SUB,,_Z,,Y,,_T,,Y_GE15,,_Z,,M,,2025-04,,3.8,,,,A,,0,,1,
DATAFLOW,OECD.SDD.TPS:DSD_LFS@DF_IALFS_UNE_M(1.0),,I,NLD,,UNE_LF_M,,PT_LF_SUB,,_Z,,Y,,_T,,Y_GE15,,_Z,,M,,2025-05,,3.8,,,,A,,0,,1,
DATAFLOW,OECD.SDD.TPS:DSD_LFS@DF_IALFS_UNE_M(1.0),,I,NLD,,UNE_LF_M,,PT_LF_SUB,,_Z,,Y,,_T,,Y_GE15,,_Z,,M,,2025-06,,3.8,,,,A,,0,,1,
DATAFLOW,OECD.SDD.TPS:DSD_LFS@DF_IALFS_UNE_M(1.0),,I,NLD,,UNE_LF_M,,PT_LF_SUB,,_Z,,Y,,_T,,Y_GE15,,_Z,,M,,2025-07,,3.8,,,,A,,0,,1,
DATAFLOW,OECD.SDD.TPS:DSD_LFS@DF_IALFS_UNE_M(1.0),,I,NLD,,UNE_LF_M,,PT_LF_SUB,,_Z,,Y,,_T,,Y_GE15,,_Z,,M,,2025-08,,3.9,,,,A,,0,,1,
DATAFLOW,OECD.SDD.TPS:DSD_LFS@DF_IALFS_UNE_M(1.0),,I,NLD,,UNE_LF_M,,PT_LF_SUB,,_Z,,Y,,_T,,Y_GE15,,_Z,,M,,2025-09,,4,,,,A,,0,,1,
DATAFLOW,OECD.SDD.TPS:DSD_LFS@DF_IALFS_UNE_M(1.0),,I,NLD,,UNE_LF_M,,PT_LF_SUB,,_Z,,Y,,_T,,Y_GE15,,_Z,,M,,2025-10,,4,,,,A,,0,,1,
DATAFLOW,OECD.SDD.TPS:DSD_LFS@DF_IALFS_UNE_M(1.0),,I,NLD,,UNE_LF_M,,PT_LF_SUB,,_Z,,Y,,_T,,Y_GE15,,_Z,,M,,2025-11,,4,,,,A,,0,,1,
DATAFLOW,OECD.SDD.TPS:DSD_LFS@DF_IALFS_UNE_M(1.0),,I,NLD,,UNE_LF_M,,PT_LF_SUB,,_Z,,Y,,_T,,Y_GE15,,_Z,,M,,2025-12,,4,,,,A,,0,,1,
DATAFLOW,OECD.SDD.TPS:DSD_LFS@DF_IALFS_UNE_M(1.0),,I,PRT,,UNE_LF_M,,PT_LF_SUB,,_Z,,Y,,_T,,Y_GE15,,_Z,,M,,2025-02,,6.3,,,,A,,0,,1,
DATAFLOW,OECD.SDD.TPS:DSD_LFS@DF_IALFS_UNE_M(1.0),,I,PRT,,UNE_LF_M,,PT_LF_SUB,,_Z,,Y,,_T,,Y_GE15,,_Z,,M,,2025-03,,6.3,,,,A,,0,,1,
DATAFLOW,OECD.SDD.TPS:DSD_LFS@DF_IALFS_UNE_M(1.0),,I,PRT,,UNE_LF_M,,PT_LF_SUB,,_Z,,Y,,_T,,Y_GE15,,_Z,,M,,2025-04,,6.2,,,,A,,0,,1,
DATAFLOW,OECD.SDD.TPS:DSD_LFS@DF_IALFS_UNE_M(1.0),,I,PRT,,UNE_LF_M,,PT_LF_SUB,,_Z,,Y,,_T,,Y_GE15,,_Z,,M,,2025-05,,6.2,,,,A,,0,,1,
DATAFLOW,OECD.SDD.TPS:DSD_LFS@DF_IALFS_UNE_M(1.0),,I,PRT,,UNE_LF_M,,PT_LF_SUB,,_Z,,Y,,_T,,Y_GE15,,_Z,,M,,2025-06,,6.1,,,,A,,0,,1,
DATAFLOW,OECD.SDD.TPS:DSD_LFS@DF_IALFS_UNE_M(1.0),,I,PRT,,UNE_LF_M,,PT_LF_SUB,,_Z,,Y,,_T,,Y_GE15,,_Z,,M,,2025-07,,5.9,,,,A,,0,,1,
DATAFLOW,OECD.SDD.TPS:DSD_LFS@DF_IALFS_UNE_M(1.0),,I,PRT,,UNE_LF_M,,PT_LF_SUB,,_Z,,Y,,_T,,Y_GE15,,_Z,,M,,2025-08,,6,,,,A,,0,,1,
DATAFLOW,OECD.SDD.TPS:DSD_LFS@DF_IALFS_UNE_M(1.0),,I,PRT,,UNE_LF_M,,PT_LF_SUB,,_Z,,Y,,_T,,Y_GE15,,_Z,,M,,2025-09,,6,,,,A,,0,,1,
DATAFLOW,OECD.SDD.TPS:DSD_LFS@DF_IALFS_UNE_M(1.0),,I,PRT,,UNE_LF_M,,PT_LF_SUB,,_Z,,Y,,_T,,Y_GE15,,_Z,,M,,2025-10,,5.8,,,,A,,0,,1,
DATAFLOW,OECD.SDD.TPS:DSD_LFS@DF_IALFS_UNE_M(1.0),,I,PRT,,UNE_LF_M,,PT_LF_SUB,,_Z,,Y,,_T,,Y_GE15,,_Z,,M,,2025-11,,5.7,,,,A,,0,,1,
DATAFLOW,OECD.SDD.TPS:DSD_LFS@DF_IALFS_UNE_M(1.0),,I,PRT,,UNE_LF_M,,PT_LF_SUB,,_Z,,Y,,_T,,Y_GE15,,_Z,,M,,2025-12,,5.6,,,,A,,0,,1,
DATAFLOW,OECD.SDD.TPS:DSD_LFS@DF_IALFS_UNE_M(1.0),,I,LUX,,UNE_LF_M,,PT_LF_SUB,,_Z,,Y,,_T,,Y_GE15,,_Z,,M,,2025-02,,6.5,,,,A,,0,,1,
DATAFLOW,OECD.SDD.TPS:DSD_LFS@DF_IALFS_UNE_M(1.0),,I,LUX,,UNE_LF_M,,PT_LF_SUB,,_Z,,Y,,_T,,Y_GE15,,_Z,,M,,2025-03,,6.5,,,,A,,0,,1,
DATAFLOW,OECD.SDD.TPS:DSD_LFS@DF_IALFS_UNE_M(1.0),,I,LUX,,UNE_LF_M,,PT_LF_SUB,,_Z,,Y,,_T,,Y_GE15,,_Z,,M,,2025-07,,6.4,,,,A,,0,,1,
DATAFLOW,OECD.SDD.TPS:DSD_LFS@DF_IALFS_UNE_M(1.0),,I,LUX,,UNE_LF_M,,PT_LF_SUB,,_Z,,Y,,_T,,Y_GE15,,_Z,,M,,2025-08,,6.4,,,,A,,0,,1,
DATAFLOW,OECD.SDD.TPS:DSD_LFS@DF_IALFS_UNE_M(1.0),,I,LUX,,UNE_LF_M,,PT_LF_SUB,,_Z,,Y,,_T,,Y_GE15,,_Z,,M,,2025-09,,6.7,,,,A,,0,,1,
DATAFLOW,OECD.SDD.TPS:DSD_LFS@DF_IALFS_UNE_M(1.0),,I,DNK,,UNE_LF_M,,PT_LF_SUB,,_Z,,Y,,_T,,Y_GE15,,_Z,,M,,2025-03,,6.9,,,,A,,0,,1,
DATAFLOW,OECD.SDD.TPS:DSD_LFS@DF_IALFS_UNE_M(1.0),,I,DNK,,UNE_LF_M,,PT_LF_SUB,,_Z,,Y,,_T,,Y_GE15,,_Z,,M,,2025-04,,6.9,,,,A,,0,,1,
DATAFLOW,OECD.SDD.TPS:DSD_LFS@DF_IALFS_UNE_M(1.0),,I,DNK,,UNE_LF_M,,PT_LF_SUB,,_Z,,Y,,_T,,Y_GE15,,_Z,,M,,2025-05,,5.3,,,,A,,0,,1,
DATAFLOW,OECD.SDD.TPS:DSD_LFS@DF_IALFS_UNE_M(1.0),,I,DNK,,UNE_LF_M,,PT_LF_SUB,,_Z,,Y,,_T,,Y_GE15,,_Z,,M,,2025-06,,6.7,,,,A,,0,,1,
DATAFLOW,OECD.SDD.TPS:DSD_LFS@DF_IALFS_UNE_M(1.0),,I,DNK,,UNE_LF_M,,PT_LF_SUB,,_Z,,Y,,_T,,Y_GE15,,_Z,,M,,2025-07,,6.5,,,,A,,0,,1,
DATAFLOW,OECD.SDD.TPS:DSD_LFS@DF_IALFS_UNE_M(1.0),,I,IRL,,UNE_LF_M,,PT_LF_SUB,,_Z,,Y,,_T,,Y_GE15,,_Z,,M,,2025-02,,4.4,,,,A,,0,,1,
DATAFLOW,OECD.SDD.TPS:DSD_LFS@DF_IALFS_UNE_M(1.0),,I,IRL,,UNE_LF_M,,PT_LF_SUB,,_Z,,Y,,_T,,Y_GE15,,_Z,,M,,2025-03,,4.5,,,,A,,0,,1,
DATAFLOW,OECD.SDD.TPS:DSD_LFS@DF_IALFS_UNE_M(1.0),,I,IRL,,UNE_LF_M,,PT_LF_SUB,,_Z,,Y,,_T,,Y_GE15,,_Z,,M,,2025-04,,4.6,,,,A,,0,,1,
DATAFLOW,OECD.SDD.TPS:DSD_LFS@DF_IALFS_UNE_M(1.0),,I,IRL,,UNE_LF_M,,PT_LF_SUB,,_Z,,Y,,_T,,Y_GE15,,_Z,,M,,2025-05,,4.6,,,,A,,0,,1,
DATAFLOW,OECD.SDD.TPS:DSD_LFS@DF_IALFS_UNE_M(1.0),,I,IRL,,UNE_LF_M,,PT_LF_SUB,,_Z,,Y,,_T,,Y_GE15,,_Z,,M,,2025-06,,4.6,,,,A,,0,,1,
DATAFLOW,OECD.SDD.TPS:DSD_LFS@DF_IALFS_UNE_M(1.0),,I,IRL,,UNE_LF_M,,PT_LF_SUB,,_Z,,Y,,_T,,Y_GE15,,_Z,,M,,2025-07,,5,,,,A,,0,,1,
DATAFLOW,OECD.SDD.TPS:DSD_LFS@DF_IALFS_UNE_M(1.0),,I,SWE,,UNE_LF_M,,PT_LF_SUB,,_Z,,Y,,_T,,Y_GE15,,_Z,,M,,2025-02,,8.9,,,,A,,0,,1,
DATAFLOW,OECD.SDD.TPS:DSD_LFS@DF_IALFS_UNE_M(1.0),,I,SWE,,UNE_LF_M,,PT_LF_SUB,,_Z,,Y,,_T,,Y_GE15,,_Z,,M,,2025-03,,8.1,,,,A,,0,,1,
DATAFLOW,OECD.SDD.TPS:DSD_LFS@DF_IALFS_UNE_M(1.0),,I,SWE,,UNE_LF_M,,PT_LF_SUB,,_Z,,Y,,_T,,Y_GE15,,_Z,,M,,2025-05,,9.1,,,,A,,0,,1,
DATAFLOW,OECD.SDD.TPS:DSD_LFS@DF_IALFS_UNE_M(1.0),,I,SWE,,UNE_LF_M,,PT_LF_SUB,,_Z,,Y,,_T,,Y_GE15,,_Z,,M,,2025-06,,8.4,,,,A,,0,,1,
DATAFLOW,OECD.SDD.TPS:DSD_LFS@DF_IALFS_UNE_M(1.0),,I,SWE,,UNE_LF_M,,PT_LF_SUB,,_Z,,Y,,_T,,Y_GE15,,_Z,,M,,2025-07,,8.9,,,,A,,0,,1,
DATAFLOW,OECD.SDD.TPS:DSD_LFS@DF_IALFS_UNE_M(1.0),,I,SWE,,UNE_LF_M,,PT_LF_SUB,,_Z,,Y,,_T,,Y_GE15,,_Z,,M,,2025-08,,8.8,,,,A,,0,,1,
DATAFLOW,OECD.SDD.TPS:DSD_LFS@DF_IALFS_UNE_M(1.0),,I,SWE,,UNE_LF_M,,PT_LF_SUB,,_Z,,Y,,_T,,Y_GE15,,_Z,,M,,2025-10,,9.3,,,,A,,0,,1,
DATAFLOW,OECD.SDD.TPS:DSD_LFS@DF_IALFS_UNE_M(1.0),,I,SWE,,UNE_LF_M,,PT_LF_SUB,,_Z,,Y,,_T,,Y_GE15,,_Z,,M,,2025-12,,8.8,,,,A,,0,,1,
DATAFLOW,OECD.SDD.TPS:DSD_LFS@DF_IALFS_UNE_M(1.0),,I,BEL,,UNE_LF_M,,PT_LF_SUB,,_Z,,Y,,_T,,Y_GE15,,_Z,,M,,2025-02,,6.2,,,,A,,0,,1,
DATAFLOW,OECD.SDD.TPS:DSD_LFS@DF_IALFS_UNE_M(1.0),,I,BEL,,UNE_LF_M,,PT_LF_SUB,,_Z,,Y,,_T,,Y_GE15,,_Z,,M,,2025-03,,6.2,,,,A,,0,,1,
DATAFLOW,OECD.SDD.TPS:DSD_LFS@DF_IALFS_UNE_M(1.0),,I,BEL,,UNE_LF_M,,PT_LF_SUB,,_Z,,Y,,_T,,Y_GE15,,_Z,,M,,2025-04,,6.1,,,,A,,0,,1,
DATAFLOW,OECD.SDD.TPS:DSD_LFS@DF_IALFS_UNE_M(1.0),,I,BEL,,UNE_LF_M,,PT_LF_SUB,,_Z,,Y,,_T,,Y_GE15,,_Z,,M,,2025-05,,6,,,,A,,0,,1,
DATAFLOW,OECD.SDD.TPS:DSD_LFS@DF_IALFS_UNE_M(1.0),,I,BEL,,UNE_LF_M,,PT_LF_SUB,,_Z,,Y,,_T,,Y_GE15,,_Z,,M,,2025-08,,6.1,,,,A,,0,,1,
DATAFLOW,OECD.SDD.TPS:DSD_LFS@DF_IALFS_UNE_M(1.0),,I,BEL,,UNE_LF_M,,PT_LF_SUB,,_Z,,Y,,_T,,Y_GE15,,_Z,,M,,2025-09,,6.3,,,,A,,0,,1,
DATAFLOW,OECD.SDD.TPS:DSD_LFS@DF_IALFS_UNE_M(1.0),,I,BEL,,UNE_LF_M,,PT_LF_SUB,,_Z,,Y,,_T,,Y_GE15,,_Z,,M,,2025-10,,6.4,,,,A,,0,,1,
DATAFLOW,OECD.SDD.TPS:DSD_LFS@DF_IALFS_UNE_M(1.0),,I,BEL,,UNE_LF_M,,PT_LF_SUB,,_Z,,Y,,_T,,Y_GE15,,_Z,,M,,2025-11,,6.4,,,,A,,0,,1,
DATAFLOW,OECD.SDD.TPS:DSD_LFS@DF_IALFS_UNE_M(1.0),,I,FRA,,UNE_LF_M,,PT_LF_SUB,,_Z,,Y,,_T,,Y_GE15,,_Z,,M,,2025-03,,7.6,,,,A,,0,,1,
DATAFLOW,OECD.SDD.TPS:DSD_LFS@DF_IALFS_UNE_M(1.0),,I,FRA,,UNE_LF_M,,PT_LF_SUB,,_Z,,Y,,_T,,Y_GE15,,_Z,,M,,2025-04,,7.5,,,,A,,0,,1,
DATAFLOW,OECD.SDD.TPS:DSD_LFS@DF_IALFS_UNE_M(1.0),,I,FRA,,UNE_LF_M,,PT_LF_SUB,,_Z,,Y,,_T,,Y_GE15,,_Z,,M,,2025-05,,7.6,,,,A,,0,,1,
DATAFLOW,OECD.SDD.TPS:DSD_LFS@DF_IALFS_UNE_M(1.0),,I,FRA,,UNE_LF_M,,PT_LF_SUB,,_Z,,Y,,_T,,Y_GE15,,_Z,,M,,2025-06,,7.6,,,,A,,0,,1,
DATAFLOW,OECD.SDD.TPS:DSD_LFS@DF_IALFS_UNE_M(1.0),,I,FRA,,UNE_LF_M,,PT_LF_SUB,,_Z,,Y,,_T,,Y_GE15,,_Z,,M,,2025-07,,7.7,,,,A,,0,,1,
DATAFLOW,OECD.SDD.TPS:DSD_LFS@DF_IALFS_UNE_M(1.0),,I,FRA,,UNE_LF_M,,PT_LF_SUB,,_Z,,Y,,_T,,Y_GE15,,_Z,,M,,2025-08,,7.7,,,,A,,0,,1,
DATAFLOW,OECD.SDD.TPS:DSD_LFS@DF_IALFS_UNE_M(1.0),,I,CHL,,UNE_LF_M,,PT_LF_SUB,,_Z,,Y,,_T,,Y_GE15,,_Z,,M,,2025-02,,8.473963,,,,A,,0,,1,
DATAFLOW,OECD.SDD.TPS:DSD_LFS@DF_IALFS_UNE_M(1.0),,I,CHL,,UNE_LF_M,,PT_LF_SUB,,_Z,,Y,,_T,,Y_GE15,,_Z,,M,,2025-03,,8.705641,,,,A,,0,,1,
DATAFLOW,OECD.SDD.TPS:DSD_LFS@DF_IALFS_UNE_M(1.0),,I,CHL,,UNE_LF_M,,PT_LF_SUB,,_Z,,Y,,_T,,Y_GE15,,_Z,,M,,2025-04,,8.858841,,,,A,,0,,1,
DATAFLOW,OECD.SDD.TPS:DSD_LFS@DF_IALFS_UNE_M(1.0),,I,CHL,,UNE_LF_M,,PT_LF_SUB,,_Z,,Y,,_T,,Y_GE15,,_Z,,M,,2025-05,,8.854262,,,,A,,0,,1,
DATAFLOW,OECD.SDD.TPS:DSD_LFS@DF_IALFS_UNE_M(1.0),,I,CHL,,UNE_LF_M,,PT_LF_SUB,,_Z,,Y,,_T,,Y_GE15,,_Z,,M,,2025-06,,8.510771,,,,A,,0,,1,
DATAFLOW,OECD.SDD.TPS:DSD_LFS@DF_IALFS_UNE_M(1.0),,I,CHL,,UNE_LF_M,,PT_LF_SUB,,_Z,,Y,,_T,,Y_GE15,,_Z,,M,,2025-07,,8.365339,,,,A,,0,,1,
DATAFLOW,OECD.SDD.TPS:DSD_LFS@DF_IALFS_UNE_M(1.0),,I,CHL,,UNE_LF_M,,PT_LF_SUB,,_Z,,Y,,_T,,Y_GE15,,_Z,,M,,2025-08,,8.399002,,,,A,,0,,1,
DATAFLOW,OECD.SDD.TPS:DSD_LFS@DF_IALFS_UNE_M(1.0),,I,CHL,,UNE_LF_M,,PT_LF_SUB,,_Z,,Y,,_T,,Y_GE15,,_Z,,M,,2025-09,,8.395238,,,,A,,0,,1,
DATAFLOW,OECD.SDD.TPS:DSD_LFS@DF_IALFS_UNE_M(1.0),,I,CHL,,UNE_LF_M,,PT_LF_SUB,,_Z,,Y,,_T,,Y_GE15,,_Z,,M,,2025-10,,8.578727,,,,A,,0,,1,
DATAFLOW,OECD.SDD.TPS:DSD_LFS@DF_IALFS_UNE_M(1.0),,I,CHL,,UNE_LF_M,,PT_LF_SUB,,_Z,,Y,,_T,,Y_GE15,,_Z,,M,,2025-11,,8.468274,,,,A,,0,,1,
DATAFLOW,OECD.SDD.TPS:DSD_LFS@DF_IALFS_UNE_M(1.0),,I,CHL,,UNE_LF_M,,PT_LF_SUB,,_Z,,Y,,_T,,Y_GE15,,_Z,,M,,2025-12,,8.609118,,,,A,,0,,1,
DATAFLOW,OECD.SDD.TPS:DSD_LFS@DF_IALFS_UNE_M(1.0),,I,MEX,,UNE_LF_M,,PT_LF_SUB,,_Z,,Y,,_T,,Y_GE15,,_Z,,M,,2025-02,,2.595198,,,,A,,0,,1,
DATAFLOW,OECD.SDD.TPS:DSD_LFS@DF_IALFS_UNE_M(1.0),,I,MEX,,UNE_LF_M,,PT_LF_SUB,,_Z,,Y,,_T,,Y_GE15,,_Z,,M,,2025-03,,2.575945,,,,A,,0,,1,
DATAFLOW,OECD.SDD.TPS:DSD_LFS@DF_IALFS_UNE_M(1.0),,I,MEX,,UNE_LF_M,,PT_LF_SUB,,_Z,,Y,,_T,,Y_GE15,,_Z,,M,,2025-04,,2.633296,,,,A,,0,,1,
DATAFLOW,OECD.SDD.TPS:DSD_LFS@DF_IALFS_UNE_M(1.0),,I,MEX,,UNE_LF_M,,PT_LF_SUB,,_Z,,Y,,_T,,Y_GE15,,_Z,,M,,2025-05,,2.761531,,,,A,,0,,1,
DATAFLOW,OECD.SDD.TPS:DSD_LFS@DF_IALFS_UNE_M(1.0),,I,MEX,,UNE_LF_M,,PT_LF_SUB,,_Z,,Y,,_T,,Y_GE15,,_Z,,M,,2025-06,,2.683782,,,,A,,0,,1,
DATAFLOW,OECD.SDD.TPS:DSD_LFS@DF_IALFS_UNE_M(1.0),,I,MEX,,UNE_LF_M,,PT_LF_SUB,,_Z,,Y,,_T,,Y_GE15,,_Z,,M,,2025-07,,2.603706,,,,A,,0,,1,
DATAFLOW,OECD.SDD.TPS:DSD_LFS@DF_IALFS_UNE_M(1.0),,I,MEX,,UNE_LF_M,,PT_LF_SUB,,_Z,,Y,,_T,,Y_GE15,,_Z,,M,,2025-08,,2.672237,,,,A,,0,,1,
DATAFLOW,OECD.SDD.TPS:DSD_LFS@DF_IALFS_UNE_M(1.0),,I,MEX,,UNE_LF_M,,PT_LF_SUB,,_Z,,Y,,_T,,Y_GE15,,_Z,,M,,2025-09,,2.739652,,,,A,,0,,1,
DATAFLOW,OECD.SDD.TPS:DSD_LFS@DF_IALFS_UNE_M(1.0),,I,MEX,,UNE_LF_M,,PT_LF_SUB,,_Z,,Y,,_T,,Y_GE15,,_Z,,M,,2025-10,,2.59692,,,,A,,0,,1,
DATAFLOW,OECD.SDD.TPS:DSD_LFS@DF_IALFS_UNE_M(1.0),,I,MEX,,UNE_LF_M,,PT_LF_SUB,,_Z,,Y,,_T,,Y_GE15,,_Z,,M,,2025-11,,2.705528,,,,A,,0,,1,
DATAFLOW,OECD.SDD.TPS:DSD_LFS@DF_IALFS_UNE_M(1.0),,I,MEX,,UNE_LF_M,,PT_LF_SUB,,_Z,,Y,,_T,,Y_GE15,,_Z,,M,,2025-12,,2.585264,,,,A,,0,,1,
DATAFLOW,OECD.SDD.TPS:DSD_LFS@DF_IALFS_UNE_M(1.0),,I,MEX,,UNE_LF_M,,PT_LF_SUB,,_Z,,Y,,_T,,Y_GE15,,_Z,,M,,2026-01,,2.612635,,,,A,,0,,1,
DATAFLOW,OECD.SDD.TPS:DSD_LFS@DF_IALFS_UNE_M(1.0),,I,ESP,,UNE_LF_M,,PT_LF_SUB,,_Z,,Y,,_T,,Y_GE15,,_Z,,M,,2025-02,,10.9,,,,A,,0,,1,
DATAFLOW,OECD.SDD.TPS:DSD_LFS@DF_IALFS_UNE_M(1.0),,I,ESP,,UNE_LF_M,,PT_LF_SUB,,_Z,,Y,,_T,,Y_GE15,,_Z,,M,,2025-03,,10.8,,,,A,,0,,1,
DATAFLOW,OECD.SDD.TPS:DSD_LFS@DF_IALFS_UNE_M(1.0),,I,ESP,,UNE_LF_M,,PT_LF_SUB,,_Z,,Y,,_T,,Y_GE15,,_Z,,M,,2025-05,,10.6,,,,A,,0,,1,
DATAFLOW,OECD.SDD.TPS:DSD_LFS@DF_IALFS_UNE_M(1.0),,I,ESP,,UNE_LF_M,,PT_LF_SUB,,_Z,,Y,,_T,,Y_GE15,,_Z,,M,,2025-06,,10.5,,,,A,,0,,1,
DATAFLOW,OECD.SDD.TPS:DSD_LFS@DF_IALFS_UNE_M(1.0),,I,ESP,,UNE_LF_M,,PT_LF_SUB,,_Z,,Y,,_T,,Y_GE15,,_Z,,M,,2025-07,,10.6,,,,A,,0,,1,
DATAFLOW,OECD.SDD.TPS:DSD_LFS@DF_IALFS_UNE_M(1.0),,I,ESP,,UNE_LF_M,,PT_LF_SUB,,_Z,,Y,,_T,,Y_GE15,,_Z,,M,,2025-08,,10.5,,,,A,,0,,1,
DATAFLOW,OECD.SDD.TPS:DSD_LFS@DF_IALFS_UNE_M(1.0),,I,ESP,,UNE_LF_M,,PT_LF_SUB,,_Z,,Y,,_T,,Y_GE15,,_Z,,M,,2025-09,,10.4,,,,A,,0,,1,
DATAFLOW,OECD.SDD.TPS:DSD_LFS@DF_IALFS_UNE_M(1.0),,I,ESP,,UNE_LF_M,,PT_LF_SUB,,_Z,,Y,,_T,,Y_GE15,,_Z,,M,,2025-10,,10.2,,,,A,,0,,1,
DATAFLOW,OECD.SDD.TPS:DSD_LFS@DF_IALFS_UNE_M(1.0),,I,ESP,,UNE_LF_M,,PT_LF_SUB,,_Z,,Y,,_T,,Y_GE15,,_Z,,M,,2025-11,,10.1,,,,A,,0,,1,
DATAFLOW,OECD.SDD.TPS:DSD_LFS@DF_IALFS_UNE_M(1.0),,I,ESP,,UNE_LF_M,,PT_LF_SUB,,_Z,,Y,,_T,,Y_GE15,,_Z,,M,,2025-12,,10,,,,A,,0,,1,
DATAFLOW,OECD.SDD.TPS:DSD_LFS@DF_IALFS_UNE_M(1.0),,I,FIN,,UNE_LF_M,,PT_LF_SUB,,_Z,,Y,,_T,,Y_GE15,,_Z,,M,,2025-02,,9.2,,,,A,,0,,1,
DATAFLOW,OECD.SDD.TPS:DSD_LFS@DF_IALFS_UNE_M(1.0),,I,FIN,,UNE_LF_M,,PT_LF_SUB,,_Z,,Y,,_T,,Y_GE15,,_Z,,M,,2025-03,,9.5,,,,A,,0,,1,
DATAFLOW,OECD.SDD.TPS:DSD_LFS@DF_IALFS_UNE_M(1.0),,I,FIN,,UNE_LF_M,,PT_LF_SUB,,_Z,,Y,,_T,,Y_GE15,,_Z,,M,,2025-04,,9.1,,,,A,,0,,1,
DATAFLOW,OECD.SDD.TPS:DSD_LFS@DF_IALFS_UNE_M(1.0),,I,FIN,,UNE_LF_M,,PT_LF_SUB,,_Z,,Y,,_T,,Y_GE15,,_Z,,M,,2025-05,,8.8,,,,A,,0,,1,
DATAFLOW,OECD.SDD.TPS:DSD_LFS@DF_IALFS_UNE_M(1.0),,I,FIN,,UNE_LF_M,,PT_LF_SUB,,_Z,,Y,,_T,,Y_GE15,,_Z,,M,,2025-06,,10,,,,A,,0,,1,
DATAFLOW,OECD.SDD.TPS:DSD_LFS@DF_IALFS_UNE_M(1.0),,I,FIN,,UNE_LF_M,,PT_LF_SUB,,_Z,,Y,,_T,,Y_GE15,,_Z,,M,,2025-07,,10,,,,A,,0,,1,
DATAFLOW,OECD.SDD.TPS:DSD_LFS@DF_IALFS_UNE_M(1.0),,I,FIN,,UNE_LF_M,,PT_LF_SUB,,_Z,,Y,,_T,,Y_GE15,,_Z,,M,,2025-08,,10.1,,,,A,,0,,1,
DATAFLOW,OECD.SDD.TPS:DSD_LFS@DF_IALFS_UNE_M(1.0),,I,FIN,,UNE_LF_M,,PT_LF_SUB,,_Z,,Y,,_T,,Y_GE15,,_Z,,M,,2025-09,,9.7,,,,A,,0,,1,
DATAFLOW,OECD.SDD.TPS:DSD_LFS@DF_IALFS_UNE_M(1.0),,I,FIN,,UNE_LF_M,,PT_LF_SUB,,_Z,,Y,,_T,,Y_GE15,,_Z,,M,,2025-10,,10.4,,,,A,,0,,1,
DATAFLOW,OECD.SDD.TPS:DSD_LFS@DF_IALFS_UNE_M(1.0),,I,FIN,,UNE_LF_M,,PT_LF_SUB,,_Z,,Y,,_T,,Y_GE15,,_Z,,M,,2025-11,,10.6,,,,A,,0,,1,
DATAFLOW,OECD.SDD.TPS:DSD_LFS@DF_IALFS_UNE_M(1.0),,I,FIN,,UNE_LF_M,,PT_LF_SUB,,_Z,,Y,,_T,,Y_GE15,,_Z,,M,,2025-12,,10.3,,,,A,,0,,1,
DATAFLOW,OECD.SDD.TPS:DSD_LFS@DF_IALFS_UNE_M(1.0),,I,NOR,,UNE_LF_M,,PT_LF_SUB,,_Z,,Y,,_T,,Y_GE15,,_Z,,M,,2025-02,,4.1,,,,A,,0,,1,
DATAFLOW,OECD.SDD.TPS:DSD_LFS@DF_IALFS_UNE_M(1.0),,I,NOR,,UNE_LF_M,,PT_LF_SUB,,_Z,,Y,,_T,,Y_GE15,,_Z,,M,,2025-03,,4.5,,,,A,,0,,1,
DATAFLOW,OECD.SDD.TPS:DSD_LFS@DF_IALFS_UNE_M(1.0),,I,NOR,,UNE_LF_M,,PT_LF_SUB,,_Z,,Y,,_T,,Y_GE15,,_Z,,M,,2025-04,,4.4,,,,A,,0,,1,
DATAFLOW,OECD.SDD.TPS:DSD_LFS@DF_IALFS_UNE_M(1.0),,I,NOR,,UNE_LF_M,,PT_LF_SUB,,_Z,,Y,,_T,,Y_GE15,,_Z,,M,,2025-05,,4.6,,,,A,,0,,1,
DATAFLOW,OECD.SDD.TPS:DSD_LFS@DF_IALFS_UNE_M(1.0),,I,NOR,,UNE_LF_M,,PT_LF_SUB,,_Z,,Y,,_T,,Y_GE15,,_Z,,M,,2025-06,,5.4,,,,A,,0,,1,
DATAFLOW,OECD.SDD.TPS:DSD_LFS@DF_IALFS_UNE_M(1.0),,I,NOR,,UNE_LF_M,,PT_LF_SUB,,_Z,,Y,,_T,,Y_GE15,,_Z,,M,,2025-07,,4.4,,,,A,,0,,1,
DATAFLOW,OECD.SDD.TPS:DSD_LFS@DF_IALFS_UNE_M(1.0),,I,NOR,,UNE_LF_M,,PT_LF_SUB,,_Z,,Y,,_T,,Y_GE15,,_Z,,M,,2025-08,,4.9,,,,A,,0,,1,
DATAFLOW,OECD.SDD.TPS:DSD_LFS@DF_IALFS_UNE_M(1.0),,I,NOR,,UNE_LF_M,,PT_LF_SUB,,_Z,,Y,,_T,,Y_GE15,,_Z,,M,,2025-09,,4.7,,,,A,,0,,1,
DATAFLOW,OECD.SDD.TPS:DSD_LFS@DF_IALFS_UNE_M(1.0),,I,NOR,,UNE_LF_M,,PT_LF_SUB,,_Z,,Y,,_T,,Y_GE15,,_Z,,M,,2025-10,,4.4,,,,A,,0,,1,
DATAFLOW,OECD.SDD.TPS:DSD_LFS@DF_IALFS_UNE_M(1.0),,I,NOR,,UNE_LF_M,,PT_LF_SUB,,_Z,,Y,,_T,,Y_GE15,,_Z,,M,,2025-11,,4.5,,,,A,,0,,1,
DATAFLOW,OECD.SDD.TPS:DSD_LFS@DF_IALFS_UNE_M(1.0),,I,NOR,,UNE_LF_M,,PT_LF_SUB,,_Z,,Y,,_T,,Y_GE15,,_Z,,M,,2025-12,,4.3,,,,A,,0,,1,
DATAFLOW,OECD.SDD.TPS:DSD_LFS@DF_IALFS_UNE_M(1.0),,I,KOR,,UNE_LF_M,,PT_LF_SUB,,_Z,,Y,,_T,,Y_GE15,,_Z,,M,,2025-02,,2.8,,,,A,,0,,1,
DATAFLOW,OECD.SDD.TPS:DSD_LFS@DF_IALFS_UNE_M(1.0),,I,KOR,,UNE_LF_M,,PT_LF_SUB,,_Z,,Y,,_T,,Y_GE15,,_Z,,M,,2025-03,,2.8,,,,A,,0,,1,
DATAFLOW,OECD.SDD.TPS:DSD_LFS@DF_IALFS_UNE_M(1.0),,I,KOR,,UNE_LF_M,,PT_LF_SUB,,_Z,,Y,,_T,,Y_GE15,,_Z,,M,,2025-04,,2.7,,,,A,,0,,1,
DATAFLOW,OECD.SDD.TPS:DSD_LFS@DF_IALFS_UNE_M(1.0),,I,KOR,,UNE_LF_M,,PT_LF_SUB,,_Z,,Y,,_T,,Y_GE15,,_Z,,M,,2025-05,,2.7,,,,A,,0,,1,
DATAFLOW,OECD.SDD.TPS:DSD_LFS@DF_IALFS_UNE_M(1.0),,I,KOR,,UNE_LF_M,,PT_LF_SUB,,_Z,,Y,,_T,,Y_GE15,,_Z,,M,,2025-06,,2.7,,,,A,,0,,1,
DATAFLOW,OECD.SDD.TPS:DSD_LFS@DF_IALFS_UNE_M(1.0),,I,KOR,,UNE_LF_M,,PT_LF_SUB,,_Z,,Y,,_T,,Y_GE15,,_Z,,M,,2025-07,,2.7,,,,A,,0,,1,
DATAFLOW,OECD.SDD.TPS:DSD_LFS@DF_IALFS_UNE_M(1.0),,I,KOR,,UNE_LF_M,,PT_LF_SUB,,_Z,,Y,,_T,,Y_GE15,,_Z,,M,,2025-08,,2.8,,,,A,,0,,1,
DATAFLOW,OECD.SDD.TPS:DSD_LFS@DF_IALFS_UNE_M(1.0),,I,KOR,,UNE_LF_M,,PT_LF_SUB,,_Z,,Y,,_T,,Y_GE15,,_Z,,M,,2025-09,,2.7,,,,A,,0,,1,
DATAFLOW,OECD.SDD.TPS:DSD_LFS@DF_IALFS_UNE_M(1.0),,I,KOR,,UNE_LF_M,,PT_LF_SUB,,_Z,,Y,,_T,,Y_GE15,,_Z,,M,,2025-10,,2.7,,,,A,,0,,1,
DATAFLOW,OECD.SDD.TPS:DSD_LFS@DF_IALFS_UNE_M(1.0),,I,KOR,,UNE_LF_M,,PT_LF_SUB,,_Z,,Y,,_T,,Y_GE15,,_Z,,M,,2025-11,,2.8,,,,A,,0,,1,
DATAFLOW,OECD.SDD.TPS:DSD_LFS@DF_IALFS_UNE_M(1.0),,I,KOR,,UNE_LF_M,,PT_LF_SUB,,_Z,,Y,,_T,,Y_GE15,,_Z,,M,,2025-12,,3.3,,,,A,,0,,1,
DATAFLOW,OECD.SDD.TPS:DSD_LFS@DF_IALFS_UNE_M(1.0),,I,KOR,,UNE_LF_M,,PT_LF_SUB,,_Z,,Y,,_T,,Y_GE15,,_Z,,M,,2026-01,,3,,,,A,,0,,1,
DATAFLOW,OECD.SDD.TPS:DSD_LFS@DF_IALFS_UNE_M(1.0),,I,DEU,,UNE_LF_M,,PT_LF_SUB,,_Z,,Y,,_T,,Y_GE15,,_Z,,M,,2025-02,,3.6,,,,A,,0,,1,
DATAFLOW,OECD.SDD.TPS:DSD_LFS@DF_IALFS_UNE_M(1.0),,I,DEU,,UNE_LF_M,,PT_LF_SUB,,_Z,,Y,,_T,,Y_GE15,,_Z,,M,,2025-03,,3.6,,,,A,,0,,1,
DATAFLOW,OECD.SDD.TPS:DSD_LFS@DF_IALFS_UNE_M(1.0),,I,DEU,,UNE_LF_M,,PT_LF_SUB,,_Z,,Y,,_T,,Y_GE15,,_Z,,M,,2025-04,,3.7,,,,A,,0,,1,
DATAFLOW,OECD.SDD.TPS:DSD_LFS@DF_IALFS_UNE_M(1.0),,I,DEU,,UNE_LF_M,,PT_LF_SUB,,_Z,,Y,,_T,,Y_GE15,,_Z,,M,,2025-05,,3.7,,,,A,,0,,1,
DATAFLOW,OECD.SDD.TPS:DSD_LFS@DF_IALFS_UNE_M(1.0),,I,DEU,,UNE_LF_M,,PT_LF_SUB,,_Z,,Y,,_T,,Y_GE15,,_Z,,M,,2025-07,,3.8,,,,A,,0,,1,
DATAFLOW,OECD.SDD.TPS:DSD_LFS@DF_IALFS_UNE_M(1.0),,I,DEU,,UNE_LF_M,,PT_LF_SUB,,_Z,,Y,,_T,,Y_GE15,,_Z,,M,,2025-08,,3.8,,,,A,,0,,1,
DATAFLOW,OECD.SDD.TPS:DSD_LFS@DF_IALFS_UNE_M(1.0),,I,DEU,,UNE_LF_M,,PT_LF_SUB,,_Z,,Y,,_T,,Y_GE15,,_Z,,M,,2025-09,,3.8,,,,A,,0,,1,
DATAFLOW,OECD.SDD.TPS:DSD_LFS@DF_IALFS_UNE_M(1.0),,I,EA,,UNE_LF_M,,PT_LF_SUB,,_Z,,Y,,_T,,Y_GE15,,_Z,,M,,2025-02,,6.3,,,,A,,0,,1,
DATAFLOW,OECD.SDD.TPS:DSD_LFS@DF_IALFS_UNE_M(1.0),,I,EA,,UNE_LF_M,,PT_LF_SUB,,_Z,,Y,,_T,,Y_GE15,,_Z,,M,,2025-03,,6.4,,,,A,,0,,1,
DATAFLOW,OECD.SDD.TPS:DSD_LFS@DF_IALFS_UNE_M(1.0),,I,EA,,UNE_LF_M,,PT_LF_SUB,,_Z,,Y,,_T,,Y_GE15,,_Z,,M,,2025-04,,6.3,,,,A,,0,,1,
DATAFLOW,OECD.SDD.TPS:DSD_LFS@DF_IALFS_UNE_M(1.0),,I,EA,,UNE_LF_M,,PT_LF_SUB,,_Z,,Y,,_T,,Y_GE15,,_Z,,M,,2025-05,,6.3,,,,A,,0,,1,
DATAFLOW,OECD.SDD.TPS:DSD_LFS@DF_IALFS_UNE_M(1.0),,I,EA,,UNE_LF_M,,PT_LF_SUB,,_Z,,Y,,_T,,Y_GE15,,_Z,,M,,2025-06,,6.3,,,,A,,0,,1,
DATAFLOW,OECD.SDD.TPS:DSD_LFS@DF_IALFS_UNE_M(1.0),,I,EA,,UNE_LF_M,,PT_LF_SUB,,_Z,,Y,,_T,,Y_GE15,,_Z,,M,,2025-07,,6.3,,,,A,,0,,1,
DATAFLOW,OECD.SDD.TPS:DSD_LFS@DF_IALFS_UNE_M(1.0),,I,EA,,UNE_LF_M,,PT_LF_SUB,,_Z,,Y,,_T,,Y_GE15,,_Z,,M,,2025-08,,6.3,,,,A,,0,,1,
DATAFLOW,OECD.SDD.TPS:DSD_LFS@DF_IALFS_UNE_M(1.0),,I,EA,,UNE_LF_M,,PT_LF_SUB,,_Z,,Y,,_T,,Y_GE15,,_Z,,M,,2025-09,,6.3,,,,A,,0,,1,
DATAFLOW,OECD.SDD.TPS:DSD_LFS@DF_IALFS_UNE_M(1.0),,I,EA,,UNE_LF_M,,PT_LF_SUB,,_Z,,Y,,_T,,Y_GE15,,_Z,,M,,2025-10,,6.3,,,,A,,0,,1,
DATAFLOW,OECD.SDD.TPS:DSD_LFS@DF_IALFS_UNE_M(1.0),,I,EA,,UNE_LF_M,,PT_LF_SUB,,_Z,,Y,,_T,,Y_GE15,,_Z,,M,,2025-11,,6.3,,,,A,,0,,1,
DATAFLOW,OECD.SDD.TPS:DSD_LFS@DF_IALFS_UNE_M(1.0),,I,EA,,UNE_LF_M,,PT_LF_SUB,,_Z,,Y,,_T,,Y_GE15,,_Z,,M,,2025-12,,6.2,,,,A,,0,,1,
DATAFLOW,OECD.SDD.TPS:DSD_LFS@DF_IALFS_UNE_M(1.0),,I,EA,,UNE_LF_M,,PT_LF_SUB,,_Z,,Y,,_T,,Y_GE15,,_Z,,M,,2026-01,,6.1,,,,A,,0,,1,
DATAFLOW,OECD.SDD.TPS:DSD_LFS@DF_IALFS_UNE_M(1.0),,I,CZE,,UNE_LF_M,,PT_LF_SUB,,_Z,,Y,,_T,,Y_GE15,,_Z,,M,,2025-02,,2.6,,,,A,,0,,1,
DATAFLOW,OECD.SDD.TPS:DSD_LFS@DF_IALFS_UNE_M(1.0),,I,CZE,,UNE_LF_M,,PT_LF_SUB,,_Z,,Y,,_T,,Y_GE15,,_Z,,M,,2025-03,,2.7,,,,A,,0,,1,
DATAFLOW,OECD.SDD.TPS:DSD_LFS@DF_IALFS_UNE_M(1.0),,I,CZE,,UNE_LF_M,,PT_LF_SUB,,_Z,,Y,,_T,,Y_GE15,,_Z,,M,,2025-04,,2.8,,,,A,,0,,1,
DATAFLOW,OECD.SDD.TPS:DSD_LFS@DF_IALFS_UNE_M(1.0),,I,CZE,,UNE_LF_M,,PT_LF_SUB,,_Z,,Y,,_T,,Y_GE15,,_Z,,M,,2025-05,,2.8,,,,A,,0,,1,
DATAFLOW,OECD.SDD.TPS:DSD_LFS@DF_IALFS_UNE_M(1.0),,I,CZE,,UNE_LF_M,,PT_LF_SUB,,_Z,,Y,,_T,,Y_GE15,,_Z,,M,,2025-06,,3,,,,A,,0,,1,
DATAFLOW,OECD.SDD.TPS:DSD_LFS@DF_IALFS_UNE_M(1.0),,I,CZE,,UNE_LF_M,,PT_LF_SUB,,_Z,,Y,,_T,,Y_GE15,,_Z,,M,,2025-07,,2.8,,,,A,,0,,1,
DATAFLOW,OECD.SDD.TPS:DSD_LFS@DF_IALFS_UNE_M(1.0),,I,CZE,,UNE_LF_M,,PT_LF_SUB,,_Z,,Y,,_T,,Y_GE15,,_Z,,M,,2025-08,,3.1,,,,A,,0,,1,
DATAFLOW,OECD.SDD.TPS:DSD_LFS@DF_IALFS_UNE_M(1.0),,I,CZE,,UNE_LF_M,,PT_LF_SUB,,_Z,,Y,,_T,,Y_GE15,,_Z,,M,,2025-09,,3,,,,A,,0,,1,
DATAFLOW,OECD.SDD.TPS:DSD_LFS@DF_IALFS_UNE_M(1.0),,I,CZE,,UNE_LF_M,,PT_LF_SUB,,_Z,,Y,,_T,,Y_GE15,,_Z,,M,,2025-10,,3.2,,,,A,,0,,1,
DATAFLOW,OECD.SDD.TPS:DSD_LFS@DF_IALFS_UNE_M(1.0),,I,CZE,,UNE_LF_M,,PT_LF_SUB,,_Z,,Y,,_T,,Y_GE15,,_Z,,M,,2025-11,,3.2,,,,A,,0,,1,
DATAFLOW,OECD.SDD.TPS:DSD_LFS@DF_IALFS_UNE_M(1.0),,I,CZE,,UNE_LF_M,,PT_LF_SUB,,_Z,,Y,,_T,,Y_GE15,,_Z,,M,,2025-12,,3.1,,,,A,,0,,1,
DATAFLOW,OECD.SDD.TPS:DSD_LFS@DF_IALFS_UNE_M(1.0),,I,AUT,,UNE_LF_M,,PT_LF_SUB,,_Z,,Y,,_T,,Y_GE15,,_Z,,M,,2025-02,,5.3,,,,A,,0,,1,
DATAFLOW,OECD.SDD.TPS:DSD_LFS@DF_IALFS_UNE_M(1.0),,I,AUT,,UNE_LF_M,,PT_LF_SUB,,_Z,,Y,,_T,,Y_GE15,,_Z,,M,,2025-03,,5.6,,,,A,,0,,1,
DATAFLOW,OECD.SDD.TPS:DSD_LFS@DF_IALFS_UNE_M(1.0),,I,AUT,,UNE_LF_M,,PT_LF_SUB,,_Z,,Y,,_T,,Y_GE15,,_Z,,M,,2025-04,,5.6,,,,A,,0,,1,
DATAFLOW,OECD.SDD.TPS:DSD_LFS@DF_IALFS_UNE_M(1.0),,I,AUT,,UNE_LF_M,,PT_LF_SUB,,_Z,,Y,,_T,,Y_GE15,,_Z,,M,,2025-05,,5.6,,,,A,,0,,1,
DATAFLOW,OECD.SDD.TPS:DSD_LFS@DF_IALFS_UNE_M(1.0),,I,AUT,,UNE_LF_M,,PT_LF_SUB,,_Z,,Y,,_T,,Y_GE15,,_Z,,M,,2025-06,,6,,,,A,,0,,1,
DATAFLOW,OECD.SDD.TPS:DSD_LFS@DF_IALFS_UNE_M(1.0),,I,AUT,,UNE_LF_M,,PT_LF_SUB,,_Z,,Y,,_T,,Y_GE15,,_Z,,M,,2025-07,,5.6,,,,A,,0,,1,
DATAFLOW,OECD.SDD.TPS:DSD_LFS@DF_IALFS_UNE_M(1.0),,I,AUT,,UNE_LF_M,,PT_LF_SUB,,_Z,,Y,,_T,,Y_GE15,,_Z,,M,,2025-08,,6,,,,A,,0,,1,
DATAFLOW,OECD.SDD.TPS:DSD_LFS@DF_IALFS_UNE_M(1.0),,I,AUT,,UNE_LF_M,,PT_LF_SUB,,_Z,,Y,,_T,,Y_GE15,,_Z,,M,,2025-10,,5.8,,,,A,,0,,1,
DATAFLOW,OECD.SDD.TPS:DSD_LFS@DF_IALFS_UNE_M(1.0),,I,AUT,,UNE_LF_M,,PT_LF_SUB,,_Z,,Y,,_T,,Y_GE15,,_Z,,M,,2025-12,,5.8,,,,A,,0,,1,
DATAFLOW,OECD.SDD.TPS:DSD_LFS@DF_IALFS_UNE_M(1.0),,I,ITA,,UNE_LF_M,,PT_LF_SUB,,_Z,,Y,,_T,,Y_GE15,,_Z,,M,,2025-02,,6.1,,,,A,,0,,1,
DATAFLOW,OECD.SDD.TPS:DSD_LFS@DF_IALFS_UNE_M(1.0),,I,ITA,,UNE_LF_M,,PT_LF_SUB,,_Z,,Y,,_T,,Y_GE15,,_Z,,M,,2025-03,,6.3,,,,A,,0,,1,
DATAFLOW,OECD.SDD.TPS:DSD_LFS@DF_IALFS_UNE_M(1.0),,I,ITA,,UNE_LF_M,,PT_LF_SUB,,_Z,,Y,,_T,,Y_GE15,,_Z,,M,,2025-04,,6.1,,,,A,,0,,1,
DATAFLOW,OECD.SDD.TPS:DSD_LFS@DF_IALFS_UNE_M(1.0),,I,ITA,,UNE_LF_M,,PT_LF_SUB,,_Z,,Y,,_T,,Y_GE15,,_Z,,M,,2025-05,,6.5,,,,A,,0,,1,
DATAFLOW,OECD.SDD.TPS:DSD_LFS@DF_IALFS_UNE_M(1.0),,I,ITA,,UNE_LF_M,,PT_LF_SUB,,_Z,,Y,,_T,,Y_GE15,,_Z,,M,,2025-06,,6.2,,,,A,,0,,1,
DATAFLOW,OECD.SDD.TPS:DSD_LFS@DF_IALFS_UNE_M(1.0),,I,ITA,,UNE_LF_M,,PT_LF_SUB,,_Z,,Y,,_T,,Y_GE15,,_Z,,M,,2025-07,,6,,,,A,,0,,1,
DATAFLOW,OECD.SDD.TPS:DSD_LFS@DF_IALFS_UNE_M(1.0),,I,ITA,,UNE_LF_M,,PT_LF_SUB,,_Z,,Y,,_T,,Y_GE15,,_Z,,M,,2025-08,,5.9,,,,A,,0,,1,
DATAFLOW,OECD.SDD.TPS:DSD_LFS@DF_IALFS_UNE_M(1.0),,I,ITA,,UNE_LF_M,,PT_LF_SUB,,_Z,,Y,,_T,,Y_GE15,,_Z,,M,,2025-09,,6,,,,A,,0,,1,
DATAFLOW,OECD.SDD.TPS:DSD_LFS@DF_IALFS_UNE_M(1.0),,I,ITA,,UNE_LF_M,,PT_LF_SUB,,_Z,,Y,,_T,,Y_GE15,,_Z,,M,,2025-10,,5.8,,,,A,,0,,1,
DATAFLOW,OECD.SDD.TPS:DSD_LFS@DF_IALFS_UNE_M(1.0),,I,ITA,,UNE_LF_M,,PT_LF_SUB,,_Z,,Y,,_T,,Y_GE15,,_Z,,M,,2025-11,,5.6,,,,A,,0,,1,
DATAFLOW,OECD.SDD.TPS:DSD_LFS@DF_IALFS_UNE_M(1.0),,I,HUN,,UNE_LF_M,,PT_LF_SUB,,_Z,,Y,,_T,,Y_GE15,,_Z,,M,,2025-02,,4.3,,,,A,,0,,1,
DATAFLOW,OECD.SDD.TPS:DSD_LFS@DF_IALFS_UNE_M(1.0),,I,HUN,,UNE_LF_M,,PT_LF_SUB,,_Z,,Y,,_T,,Y_GE15,,_Z,,M,,2025-03,,4.2,,,,A,,0,,1,
DATAFLOW,OECD.SDD.TPS:DSD_LFS@DF_IALFS_UNE_M(1.0),,I,HUN,,UNE_LF_M,,PT_LF_SUB,,_Z,,Y,,_T,,Y_GE15,,_Z,,M,,2025-04,,4.3,,,,A,,0,,1,
DATAFLOW,OECD.SDD.TPS:DSD_LFS@DF_IALFS_UNE_M(1.0),,I,HUN,,UNE_LF_M,,PT_LF_SUB,,_Z,,Y,,_T,,Y_GE15,,_Z,,M,,2025-05,,4.3,,,,A,,0,,1,
DATAFLOW,OECD.SDD.TPS:DSD_LFS@DF_IALFS_UNE_M(1.0),,I,HUN,,UNE_LF_M,,PT_LF_SUB,,_Z,,Y,,_T,,Y_GE15,,_Z,,M,,2025-06,,4.4,,,,A,,0,,1,
DATAFLOW,OECD.SDD.TPS:DSD_LFS@DF_IALFS_UNE_M(1.0),,I,HUN,,UNE_LF_M,,PT_LF_SUB,,_Z,,Y,,_T,,Y_GE15,,_Z,,M,,2025-07,,4.3,,,,A,,0,,1,
DATAFLOW,OECD.SDD.TPS:DSD_LFS@DF_IALFS_UNE_M(1.0),,I,HUN,,UNE_LF_M,,PT_LF_SUB,,_Z,,Y,,_T,,Y_GE15,,_Z,,M,,2025-08,,4.3,,,,A,,0,,1,
DATAFLOW,OECD.SDD.TPS:DSD_LFS@DF_IALFS_UNE_M(1.0),,I,HUN,,UNE_LF_M,,PT_LF_SUB,,_Z,,Y,,_T,,Y_GE15,,_Z,,M,,2025-09,,4.5,,,,A,,0,,1,
DATAFLOW,OECD.SDD.TPS:DSD_LFS@DF_IALFS_UNE_M(1.0),,I,HUN,,UNE_LF_M,,PT_LF_SUB,,_Z,,Y,,_T,,Y_GE15,,_Z,,M,,2025-10,,4.5,,,,A,,0,,1,
DATAFLOW,OECD.SDD.TPS:DSD_LFS@DF_IALFS_UNE_M(1.0),,I,HUN,,UNE_LF_M,,PT_LF_SUB,,_Z,,Y,,_T,,Y_GE15,,_Z,,M,,2025-11,,4.4,,,,A,,0,,1,
DATAFLOW,OECD.SDD.TPS:DSD_LFS@DF_IALFS_UNE_M(1.0),,I,HUN,,UNE_LF_M,,PT_LF_SUB,,_Z,,Y,,_T,,Y_GE15,,_Z,,M,,2025-12,,4.5,,,,A,,0,,1,
DATAFLOW,OECD.SDD.TPS:DSD_LFS@DF_IALFS_UNE_M(1.0),,I,POL,,UNE_LF_M,,PT_LF_SUB,,_Z,,Y,,_T,,Y_GE15,,_Z,,M,,2025-02,,3.1,,,,A,,0,,1,
DATAFLOW,OECD.SDD.TPS:DSD_LFS@DF_IALFS_UNE_M(1.0),,I,POL,,UNE_LF_M,,PT_LF_SUB,,_Z,,Y,,_T,,Y_GE15,,_Z,,M,,2025-04,,3.1,,,,A,,0,,1,
DATAFLOW,OECD.SDD.TPS:DSD_LFS@DF_IALFS_UNE_M(1.0),,I,POL,,UNE_LF_M,,PT_LF_SUB,,_Z,,Y,,_T,,Y_GE15,,_Z,,M,,2025-05,,3,,,,A,,0,,1,
DATAFLOW,OECD.SDD.TPS:DSD_LFS@DF_IALFS_UNE_M(1.0),,I,POL,,UNE_LF_M,,PT_LF_SUB,,_Z,,Y,,_T,,Y_GE15,,_Z,,M,,2025-06,,3.1,,,,A,,0,,1,
DATAFLOW,OECD.SDD.TPS:DSD_LFS@DF_IALFS_UNE_M(1.0),,I,POL,,UNE_LF_M,,PT_LF_SUB,,_Z,,Y,,_T,,Y_GE15,,_Z,,M,,2025-07,,3.2,,,,A,,0,,1,
DATAFLOW,OECD.SDD.TPS:DSD_LFS@DF_IALFS_UNE_M(1.0),,I,POL,,UNE_LF_M,,PT_LF_SUB,,_Z,,Y,,_T,,Y_GE15,,_Z,,M,,2025-08,,3.2,,,,A,,0,,1,
DATAFLOW,OECD.SDD.TPS:DSD_LFS@DF_IALFS_UNE_M(1.0),,I,POL,,UNE_LF_M,,PT_LF_SUB,,_Z,,Y,,_T,,Y_GE15,,_Z,,M,,2025-09,,3.2,,,,A,,0,,1,
DATAFLOW,OECD.SDD.TPS:DSD_LFS@DF_IALFS_UNE_M(1.0),,I,POL,,UNE_LF_M,,PT_LF_SUB,,_Z,,Y,,_T,,Y_GE15,,_Z,,M,,2025-10,,3.2,,,,A,,0,,1,
DATAFLOW,OECD.SDD.TPS:DSD_LFS@DF_IALFS_UNE_M(1.0),,I,POL,,UNE_LF_M,,PT_LF_SUB,,_Z,,Y,,_T,,Y_GE15,,_Z,,M,,2025-11,,3.2,,,,A,,0,,1,
DATAFLOW,OECD.SDD.TPS:DSD_LFS@DF_IALFS_UNE_M(1.0),,I,POL,,UNE_LF_M,,PT_LF_SUB,,_Z,,Y,,_T,,Y_GE15,,_Z,,M,,2025-12,,3.2,,,,A,,0,,1,
DATAFLOW,OECD.SDD.TPS:DSD_LFS@DF_IALFS_UNE_M(1.0),,I,SVN,,UNE_LF_M,,PT_LF_SUB,,_Z,,Y,,_T,,Y_GE15,,_Z,,M,,2025-02,,3.9,,,,A,,0,,1,
DATAFLOW,OECD.SDD.TPS:DSD_LFS@DF_IALFS_UNE_M(1.0),,I,SVN,,UNE_LF_M,,PT_LF_SUB,,_Z,,Y,,_T,,Y_GE15,,_Z,,M,,2025-03,,3.8,,,,A,,0,,1,
DATAFLOW,OECD.SDD.TPS:DSD_LFS@DF_IALFS_UNE_M(1.0),,I,SVN,,UNE_LF_M,,PT_LF_SUB,,_Z,,Y,,_T,,Y_GE15,,_Z,,M,,2025-04,,3.5,,,,A,,0,,1,
DATAFLOW,OECD.SDD.TPS:DSD_LFS@DF_IALFS_UNE_M(1.0),,I,SVN,,UNE_LF_M,,PT_LF_SUB,,_Z,,Y,,_T,,Y_GE15,,_Z,,M,,2025-05,,3.4,,,,A,,0,,1,
DATAFLOW,OECD.SDD.TPS:DSD_LFS@DF_IALFS_UNE_M(1.0),,I,SVN,,UNE_LF_M,,PT_LF_SUB,,_Z,,Y,,_T,,Y_GE15,,_Z,,M,,2025-07,,3.7,,,,A,,0,,1,
DATAFLOW,OECD.SDD.TPS:DSD_LFS@DF_IALFS_UNE_M(1.0),,I,EU27_2020,,UNE_LF_M,,PT_LF_SUB,,_Z,,Y,,_T,,Y_GE15,,_Z,,M,,2025-03,,6,,,,A,,0,,1,
DATAFLOW,OECD.SDD.TPS:DSD_LFS@DF_IALFS_UNE_M(1.0),,I,EU27_2020,,UNE_LF_M,,PT_LF_SUB,,_Z,,Y,,_T,,Y_GE15,,_Z,,M,,2025-05,,6,,,,A,,0,,1,
DATAFLOW,OECD.SDD.TPS:DSD_LFS@DF_IALFS_UNE_M(1.0),,I,EU27_2020,,UNE_LF_M,,PT_LF_SUB,,_Z,,Y,,_T,,Y_GE15,,_Z,,M,,2025-06,,6,,,,A,,0,,1,
DATAFLOW,OECD.SDD.TPS:DSD_LFS@DF_IALFS_UNE_M(1.0),,I,EU27_2020,,UNE_LF_M,,PT_LF_SUB,,_Z,,Y,,_T,,Y_GE15,,_Z,,M,,2025-07,,6,,,,A,,0,,1,
DATAFLOW,OECD.SDD.TPS:DSD_LFS@DF_IALFS_UNE_M(1.0),,I,EU27_2020,,UNE_LF_M,,PT_LF_SUB,,_Z,,Y,,_T,,Y_GE15,,_Z,,M,,2025-08,,6,,,,A,,0,,1,
DATAFLOW,OECD.SDD.TPS:DSD_LFS@DF_IALFS_UNE_M(1.0),,I,EU27_2020,,UNE_LF_M,,PT_LF_SUB,,_Z,,Y,,_T,,Y_GE15,,_Z,,M,,2025-09,,6,,,,A,,0,,1,
DATAFLOW,OECD.SDD.TPS:DSD_LFS@DF_IALFS_UNE_M(1.0),,I,EU27_2020,,UNE_LF_M,,PT_LF_SUB,,_Z,,Y,,_T,,Y_GE15,,_Z,,M,,2025-10,,6,,,,A,,0,,1,
DATAFLOW,OECD.SDD.TPS:DSD_LFS@DF_IALFS_UNE_M(1.0),,I,EU27_2020,,UNE_LF_M,,PT_LF_SUB,,_Z,,Y,,_T,,Y_GE15,,_Z,,M,,2025-12,,5.9,,,,A,,0,,1,
DATAFLOW,OECD.SDD.TPS:DSD_LFS@DF_IALFS_UNE_M(1.0),,I,BGR,,UNE_LF_M,,PT_LF_SUB,,_Z,,Y,,_T,,Y_GE15,,_Z,,M,,2025-02,,3.5,,,,A,,0,,1,
DATAFLOW,OECD.SDD.TPS:DSD_LFS@DF_IALFS_UNE_M(1.0),,I,BGR,,UNE_LF_M,,PT_LF_SUB,,_Z,,Y,,_T,,Y_GE15,,_Z,,M,,2025-03,,3.4,,,,A,,0,,1,
DATAFLOW,OECD.SDD.TPS:DSD_LFS@DF_IALFS_UNE_M(1.0),,I,BGR,,UNE_LF_M,,PT_LF_SUB,,_Z,,Y,,_T,,Y_GE15,,_Z,,M,,2025-04,,3.4,,,,A,,0,,1,
DATAFLOW,OECD.SDD.TPS:DSD_LFS@DF_IALFS_UNE_M(1.0),,I,BGR,,UNE_LF_M,,PT_LF_SUB,,_Z,,Y,,_T,,Y_GE15,,_Z,,M,,2025-05,,3.5,,,,A,,0,,1,
DATAFLOW,OECD.SDD.TPS:DSD_LFS@DF_IALFS_UNE_M(1.0),,I,BGR,,UNE_LF_M,,PT_LF_SUB,,_Z,,Y,,_T,,Y_GE15,,_Z,,M,,2025-06,,3.7,,,,A,,0,,1,
DATAFLOW,OECD.SDD.TPS:DSD_LFS@DF_IALFS_UNE_M(1.0),,I,BGR,,UNE_LF_M,,PT_LF_SUB,,_Z,,Y,,_T,,Y_GE15,,_Z,,M,,2025-07,,3.8,,,,A,,0,,1,
DATAFLOW,OECD.SDD.TPS:DSD_LFS@DF_IALFS_UNE_M(1.0),,I,BGR,,UNE_LF_M,,PT_LF_SUB,,_Z,,Y,,_T,,Y_GE15,,_Z,,M,,2025-08,,3.8,,,,A,,0,,1,
DATAFLOW,OECD.SDD.TPS:DSD_LFS@DF_IALFS_UNE_M(1.0),,I,LTU,,UNE_LF_M,,PT_LF_SUB,,_Z,,Y,,_T,,Y_GE15,,_Z,,M,,2025-11,,6.7,,,,A,,0,,1,
DATAFLOW,OECD.SDD.TPS:DSD_LFS@DF_IALFS_UNE_M(1.0),,I,GRC,,UNE_LF_M,,PT_LF_SUB,,_Z,,Y,,_T,,Y_GE15,,_Z,,M,,2025-02,,9.3,,,,A,,0,,1,
DATAFLOW,OECD.SDD.TPS:DSD_LFS@DF_IALFS_UNE_M(1.0),,I,GRC,,UNE_LF_M,,PT_LF_SUB,,_Z,,Y,,_T,,Y_GE15,,_Z,,M,,2025-04,,8.9,,,,A,,0,,1,
DATAFLOW,OECD.SDD.TPS:DSD_LFS@DF_IALFS_UNE_M(1.0),,I,GRC,,UNE_LF_M,,PT_LF_SUB,,_Z,,Y,,_T,,Y_GE15,,_Z,,M,,2025-05,,8.6,,,,A,,0,,1,
DATAFLOW,OECD.SDD.TPS:DSD_LFS@DF_IALFS_UNE_M(1.0),,I,GRC,,UNE_LF_M,,PT_LF_SUB,,_Z,,Y,,_T,,Y_GE15,,_Z,,M,,2025-06,,9.2,,,,A,,0,,1,
DATAFLOW,OECD.SDD.TPS:DSD_LFS@DF_IALFS_UNE_M(1.0),,I,GRC,,UNE_LF_M,,PT_LF_SUB,,_Z,,Y,,_T,,Y_GE15,,_Z,,M,,2025-07,,8.8,,,,A,,0,,1,
DATAFLOW,OECD.SDD.TPS:DSD_LFS@DF_IALFS_UNE_M(1.0),,I,TUR,,UNE_LF_M,,PT_LF_SUB,,_Z,,Y,,_T,,Y_GE15,,_Z,,M,,2025-03,,8,,,,A,,0,,1,
DATAFLOW,OECD.SDD.TPS:DSD_LFS@DF_IALFS_UNE_M(1.0),,I,TUR,,UNE_LF_M,,PT_LF_SUB,,_Z,,Y,,_T,,Y_GE15,,_Z,,M,,2025-04,,8.6,,,,A,,0,,1,
DATAFLOW,OECD.SDD.TPS:DSD_LFS@DF_IALFS_UNE_M(1.0),,I,TUR,,UNE_LF_M,,PT_LF_SUB,,_Z,,Y,,_T,,Y_GE15,,_Z,,M,,2025-05,,8.4,,,,A,,0,,1,
DATAFLOW,OECD.SDD.TPS:DSD_LFS@DF_IALFS_UNE_M(1.0),,I,TUR,,UNE_LF_M,,PT_LF_SUB,,_Z,,Y,,_T,,Y_GE15,,_Z,,M,,2025-07,,8.1,,,,A,,0,,1,
DATAFLOW,OECD.SDD.TPS:DSD_LFS@DF_IALFS_UNE_M(1.0),,I,TUR,,UNE_LF_M,,PT_LF_SUB,,_Z,,Y,,_T,,Y_GE15,,_Z,,M,,2025-08,,8.5,,,,A,,0,,1,
DATAFLOW,OECD.SDD.TPS:DSD_LFS@DF_IALFS_UNE_M(1.0),,I,TUR,,UNE_LF_M,,PT_LF_SUB,,_Z,,Y,,_T,,Y_GE15,,_Z,,M,,2025-09,,8.6,,,,A,,0,,1,
DATAFLOW,OECD.SDD.TPS:DSD_LFS@DF_IALFS_UNE_M(1.0),,I,TUR,,UNE_LF_M,,PT_LF_SUB,,_Z,,Y,,_T,,Y_GE15,,_Z,,M,,2025-11,,8.6,,,,A,,0,,1,
DATAFLOW,OECD.SDD.TPS:DSD_LFS@DF_IALFS_UNE_M(1.0),,I,SVK,,UNE_LF_M,,PT_LF_SUB,,_Z,,Y,,_T,,Y_GE15,,_Z,,M,,2025-02,,5.2,,,,A,,0,,1,
DATAFLOW,OECD.SDD.TPS:DSD_LFS@DF_IALFS_UNE_M(1.0),,I,SVK,,UNE_LF_M,,PT_LF_SUB,,_Z,,Y,,_T,,Y_GE15,,_Z,,M,,2025-03,,5.3,,,,A,,0,,1,
DATAFLOW,OECD.SDD.TPS:DSD_LFS@DF_IALFS_UNE_M(1.0),,I,SVK,,UNE_LF_M,,PT_LF_SUB,,_Z,,Y,,_T,,Y_GE15,,_Z,,M,,2025-06,,5.4,,,,A,,0,,1,
DATAFLOW,OECD.SDD.TPS:DSD_LFS@DF_IALFS_UNE_M(1.0),,I,SVK,,UNE_LF_M,,PT_LF_SUB,,_Z,,Y,,_T,,Y_GE15,,_Z,,M,,2025-07,,5.4,,,,A,,0,,1,
DATAFLOW,OECD.SDD.TPS:DSD_LFS@DF_IALFS_UNE_M(1.0),,I,SVK,,UNE_LF_M,,PT_LF_SUB,,_Z,,Y,,_T,,Y_GE15,,_Z,,M,,2025-09,,5.5,,,,A,,0,,1,
DATAFLOW,OECD.SDD.TPS:DSD_LFS@DF_IALFS_UNE_M(1.0),,I,COL,,UNE_LF_M,,PT_LF_SUB,,_Z,,Y,,_T,,Y_GE15,,_Z,,M,,2025-02,,9.323847,,,,A,,0,,1,
DATAFLOW,OECD.SDD.TPS:DSD_LFS@DF_IALFS_UNE_M(1.0),,I,COL,,UNE_LF_M,,PT_LF_SUB,,_Z,,Y,,_T,,Y_GE15,,_Z,,M,,2025-03,,9.346651,,,,A,,0,,1,
DATAFLOW,OECD.SDD.TPS:DSD_LFS@DF_IALFS_UNE_M(1.0),,I,COL,,UNE_LF_M,,PT_LF_SUB,,_Z,,Y,,_T,,Y_GE15,,_Z,,M,,2025-04,,8.779733,,,,A,,0,,1,
DATAFLOW,OECD.SDD.TPS:DSD_LFS@DF_IALFS_UNE_M(1.0),,I,COL,,UNE_LF_M,,PT_LF_SUB,,_Z,,Y,,_T,,Y_GE15,,_Z,,M,,2025-05,,8.984603,,,,A,,0,,1,
DATAFLOW,OECD.SDD.TPS:DSD_LFS@DF_IALFS_UNE_M(1.0),,I,COL,,UNE_LF_M,,PT_LF_SUB,,_Z,,Y,,_T,,Y_GE15,,_Z,,M,,2025-06,,8.823921,,,,A,,0,,1,
DATAFLOW,OECD.SDD.TPS:DSD_LFS@DF_IALFS_UNE_M(1.0),,I,COL,,UNE_LF_M,,PT_LF_SUB,,_Z,,Y,,_T,,Y_GE15,,_Z,,M,,2025-07,,8.81863,,,,A,,0,,1,
DATAFLOW,OECD.SDD.TPS:DSD_LFS@DF_IALFS_UNE_M(1.0),,I,COL,,UNE_LF_M,,PT_LF_SUB,,_Z,,Y,,_T,,Y_GE15,,_Z,,M,,2025-08,,8.880033,,,,A,,0,,1,
DATAFLOW,OECD.SDD.TPS:DSD_LFS@DF_IALFS_UNE_M(1.0),,I,COL,,UNE_LF_M,,PT_LF_SUB,,_Z,,Y,,_T,,Y_GE15,,_Z,,M,,2025-09,,8.656396,,,,A,,0,,1,
DATAFLOW,OECD.SDD.TPS:DSD_LFS@DF_IALFS_UNE_M(1.0),,I,COL,,UNE_LF_M,,PT_LF_SUB,,_Z,,Y,,_T,,Y_GE15,,_Z,,M,,2025-10,,8.968633,,,,A,,0,,1,
DATAFLOW,OECD.SDD.TPS:DSD_LFS@DF_IALFS_UNE_M(1.0),,I,COL,,UNE_LF_M,,PT_LF_SUB,,_Z,,Y,,_T,,Y_GE15,,_Z,,M,,2025-11,,8.165189,,,,A,,0,,1,
DATAFLOW,OECD.SDD.TPS:DSD_LFS@DF_IALFS_UNE_M(1.0),,I,COL,,UNE_LF_M,,PT_LF_SUB,,_Z,,Y,,_T,,Y_GE15,,_Z,,M,,2025-12,,8.538906,,,,A,,0,,1,
DATAFLOW,OECD.SDD.TPS:DSD_LFS@DF_IALFS_UNE_M(1.0),,I,COL,,UNE_LF_M,,PT_LF_SUB,,_Z,,Y,,_T,,Y_GE15,,_Z,,M,,2026-01,,8.804873,,,,A,,0,,1,
DATAFLOW,OECD.SDD.TPS:DSD_LFS@DF_IALFS_UNE_M(1.0),,I,HRV,,UNE_LF_M,,PT_LF_SUB,,_Z,,Y,,_T,,Y_GE15,,_Z,,M,,2025-02,,5,,,,A,,0,,1,
DATAFLOW,OECD.SDD.TPS:DSD_LFS@DF_IALFS_UNE_M(1.0),,I,HRV,,UNE_LF_M,,PT_LF_SUB,,_Z,,Y,,_T,,Y_GE15,,_Z,,M,,2025-03,,4.9,,,,A,,0,,1,
DATAFLOW,OECD.SDD.TPS:DSD_LFS@DF_IALFS_UNE_M(1.0),,I,HRV,,UNE_LF_M,,PT_LF_SUB,,_Z,,Y,,_T,,Y_GE15,,_Z,,M,,2025-04,,4.8,,,,A,,0,,1,
DATAFLOW,OECD.SDD.TPS:DSD_LFS@DF_IALFS_UNE_M(1.0),,I,HRV,,UNE_LF_M,,PT_LF_SUB,,_Z,,Y,,_T,,Y_GE15,,_Z,,M,,2025-05,,4.8,,,,A,,0,,1,
DATAFLOW,OECD.SDD.TPS:DSD_LFS@DF_IALFS_UNE_M(1.0),,I,HRV,,UNE_LF_M,,PT_LF_SUB,,_Z,,Y,,_T,,Y_GE15,,_Z,,M,,2025-07,,4.7,,,,A,,0,,1,
DATAFLOW,OECD.SDD.TPS:DSD_LFS@DF_IALFS_UNE_M(1.0),,I,HRV,,UNE_LF_M,,PT_LF_SUB,,_Z,,Y,,_T,,Y_GE15,,_Z,,M,,2025-08,,4.7,,,,A,,0,,1,
DATAFLOW,OECD.SDD.TPS:DSD_LFS@DF_IALFS_UNE_M(1.0),,I,HRV,,UNE_LF_M,,PT_LF_SUB,,_Z,,Y,,_T,,Y_GE15,,_Z,,M,,2025-11,,4.6,,,,A,,0,,1,
DATAFLOW,OECD.SDD.TPS:DSD_LFS@DF_IALFS_UNE_M(1.0),,I,LVA,,UNE_LF_M,,PT_LF_SUB,,_Z,,Y,,_T,,Y_GE15,,_Z,,M,,2025-02,,7.2,,,,A,,0,,1,
DATAFLOW,OECD.SDD.TPS:DSD_LFS@DF_IALFS_UNE_M(1.0),,I,LVA,,UNE_LF_M,,PT_LF_SUB,,_Z,,Y,,_T,,Y_GE15,,_Z,,M,,2025-03,,6.9,,,,A,,0,,1,
DATAFLOW,OECD.SDD.TPS:DSD_LFS@DF_IALFS_UNE_M(1.0),,I,ROU,,UNE_LF_M,,PT_LF_SUB,,_Z,,Y,,_T,,Y_GE15,,_Z,,M,,2025-08,,6.1,,,,A,,0,,1,
DATAFLOW,OECD.SDD.TPS:DSD_LFS@DF_IALFS_UNE_M(1.0),,I,EST,,UNE_LF_M,,PT_LF_SUB,,_Z,,Y,,_T,,Y_GE15,,_Z,,M,,2025-05,,7.8,,,,A,,0,,1,
DATAFLOW,OECD.SDD.TPS:DSD_LFS@DF_IALFS_UNE_M(1.0),,I,EST,,UNE_LF_M,,PT_LF_SUB,,_Z,,Y,,_T,,Y_GE15,,_Z,,M,,2025-06,,7.4,,,,A,,0,,1,
DATAFLOW,OECD.SDD.TPS:DSD_LFS@DF_IALFS_UNE_M(1.0),,I,ISL,,UNE_LF_M,,PT_LF_SUB,,_Z,,Y,,_T,,Y_GE15,,_Z,,M,,2025-05,,3.9,,,,A,,0,,1,
DATAFLOW,OECD.SDD.TPS:DSD_LFS@DF_IALFS_UNE_M(1.0),,I,JPN,,UNE_LF_M,,PT_LF_SUB,,_Z,,Y,,_T,,Y_GE15,,_Z,,M,,2025-02,,2.4,,,,A,,0,,1,
DATAFLOW,OECD.SDD.TPS:DSD_LFS@DF_IALFS_UNE_M(1.0),,I,JPN,,UNE_LF_M,,PT_LF_SUB,,_Z,,Y,,_T,,Y_GE15,,_Z,,M,,2025-03,,2.5,,,,A,,0,,1,
DATAFLOW,OECD.SDD.TPS:DSD_LFS@DF_IALFS_UNE_M(1.0),,I,JPN,,UNE_LF_M,,PT_LF_SUB,,_Z,,Y,,_T,,Y_GE15,,_Z,,M,,2025-04,,2.5,,,,A,,0,,1,
DATAFLOW,OECD.SDD.TPS:DSD_LFS@DF_IALFS_UNE_M(1.0),,I,JPN,,UNE_LF_M,,PT_LF_SUB,,_Z,,Y,,_T,,Y_GE15,,_Z,,M,,2025-05,,2.5,,,,A,,0,,1,
DATAFLOW,OECD.SDD.TPS:DSD_LFS@DF_IALFS_UNE_M(1.0),,I,JPN,,UNE_LF_M,,PT_LF_SUB,,_Z,,Y,,_T,,Y_GE15,,_Z,,M,,2025-06,,2.5,,,,A,,0,,1,
DATAFLOW,OECD.SDD.TPS:DSD_LFS@DF_IALFS_UNE_M(1.0),,I,JPN,,UNE_LF_M,,PT_LF_SUB,,_Z,,Y,,_T,,Y_GE15,,_Z,,M,,2025-07,,2.4,,,,A,,0,,1,
DATAFLOW,OECD.SDD.TPS:DSD_LFS@DF_IALFS_UNE_M(1.0),,I,JPN,,UNE_LF_M,,PT_LF_SUB,,_Z,,Y,,_T,,Y_GE15,,_Z,,M,,2025-08,,2.6,,,,A,,0,,1,
DATAFLOW,OECD.SDD.TPS:DSD_LFS@DF_IALFS_UNE_M(1.0),,I,JPN,,UNE_LF_M,,PT_LF_SUB,,_Z,,Y,,_T,,Y_GE15,,_Z,,M,,2025-09,,2.6,,,,A,,0,,1,
DATAFLOW,OECD.SDD.TPS:DSD_LFS@DF_IALFS_UNE_M(1.0),,I,JPN,,UNE_LF_M,,PT_LF_SUB,,_Z,,Y,,_T,,Y_GE15,,_Z,,M,,2025-10,,2.6,,,,A,,0,,1,
DATAFLOW,OECD.SDD.TPS:DSD_LFS@DF_IALFS_UNE_M(1.0),,I,JPN,,UNE_LF_M,,PT_LF_SUB,,_Z,,Y,,_T,,Y_GE15,,_Z,,M,,2025-11,,2.6,,,,A,,0,,1,
DATAFLOW,OECD.SDD.TPS:DSD_LFS@DF_IALFS_UNE_M(1.0),,I,JPN,,UNE_LF_M,,PT_LF_SUB,,_Z,,Y,,_T,,Y_GE15,,_Z,,M,,2025-12,,2.6,,,,A,,0,,1,
DATAFLOW,OECD.SDD.TPS:DSD_LFS@DF_IALFS_UNE_M(1.0),,I,JPN,,UNE_LF_M,,PT_LF_SUB,,_Z,,Y,,_T,,Y_GE15,,_Z,,M,,2026-01,,2.7,,,,A,,0,,1,
DATAFLOW,OECD.SDD.TPS:DSD_LFS@DF_IALFS_UNE_M(1.0),,I,LVA,,UNE_LF_M,,PT_LF_SUB,,_Z,,Y,,_T,,Y_GE15,,_Z,,M,,2025-04,,6.6,,,,A,,0,,1,
DATAFLOW,OECD.SDD.TPS:DSD_LFS@DF_IALFS_UNE_M(1.0),,I,LVA,,UNE_LF_M,,PT_LF_SUB,,_Z,,Y,,_T,,Y_GE15,,_Z,,M,,2025-05,,6.6,,,,A,,0,,1,
DATAFLOW,OECD.SDD.TPS:DSD_LFS@DF_IALFS_UNE_M(1.0),,I,LVA,,UNE_LF_M,,PT_LF_SUB,,_Z,,Y,,_T,,Y_GE15,,_Z,,M,,2025-06,,6.8,,,,A,,0,,1,
DATAFLOW,OECD.SDD.TPS:DSD_LFS@DF_IALFS_UNE_M(1.0),,I,LVA,,UNE_LF_M,,PT_LF_SUB,,_Z,,Y,,_T,,Y_GE15,,_Z,,M,,2025-07,,7.1,,,,A,,0,,1,
DATAFLOW,OECD.SDD.TPS:DSD_LFS@DF_IALFS_UNE_M(1.0),,I,LVA,,UNE_LF_M,,PT_LF_SUB,,_Z,,Y,,_T,,Y_GE15,,_Z,,M,,2025-08,,7.2,,,,A,,0,,1,
DATAFLOW,OECD.SDD.TPS:DSD_LFS@DF_IALFS_UNE_M(1.0),,I,LVA,,UNE_LF_M,,PT_LF_SUB,,_Z,,Y,,_T,,Y_GE15,,_Z,,M,,2025-09,,7.1,,,,A,,0,,1,
DATAFLOW,OECD.SDD.TPS:DSD_LFS@DF_IALFS_UNE_M(1.0),,I,LVA,,UNE_LF_M,,PT_LF_SUB,,_Z,,Y,,_T,,Y_GE15,,_Z,,M,,2025-10,,6.9,,,,A,,0,,1,
DATAFLOW,OECD.SDD.TPS:DSD_LFS@DF_IALFS_UNE_M(1.0),,I,LVA,,UNE_LF_M,,PT_LF_SUB,,_Z,,Y,,_T,,Y_GE15,,_Z,,M,,2025-11,,6.9,,,,A,,0,,1,
DATAFLOW,OECD.SDD.TPS:DSD_LFS@DF_IALFS_UNE_M(1.0),,I,LVA,,UNE_LF_M,,PT_LF_SUB,,_Z,,Y,,_T,,Y_GE15,,_Z,,M,,2025-12,,6.9,,,,A,,0,,1,
DATAFLOW,OECD.SDD.TPS:DSD_LFS@DF_IALFS_UNE_M(1.0),,I,LVA,,UNE_LF_M,,PT_LF_SUB,,_Z,,Y,,_T,,Y_GE15,,_Z,,M,,2026-01,,6.9,,,,A,,0,,1,
DATAFLOW,OECD.SDD.TPS:DSD_LFS@DF_IALFS_UNE_M(1.0),,I,AUT,,UNE_LF_M,,PT_LF_SUB,,_Z,,Y,,_T,,Y_GE15,,_Z,,M,,2025-09,,5.6,,,,A,,0,,1,
DATAFLOW,OECD.SDD.TPS:DSD_LFS@DF_IALFS_UNE_M(1.0),,I,AUT,,UNE_LF_M,,PT_LF_SUB,,_Z,,Y,,_T,,Y_GE15,,_Z,,M,,2025-11,,5.9,,,,A,,0,,1,
DATAFLOW,OECD.SDD.TPS:DSD_LFS@DF_IALFS_UNE_M(1.0),,I,AUT,,UNE_LF_M,,PT_LF_SUB,,_Z,,Y,,_T,,Y_GE15,,_Z,,M,,2026-01,,5.6,,,,A,,0,,1,
DATAFLOW,OECD.SDD.TPS:DSD_LFS@DF_IALFS_UNE_M(1.0),,I,BEL,,UNE_LF_M,,PT_LF_SUB,,_Z,,Y,,_T,,Y_GE15,,_Z,,M,,2025-06,,6.1,,,,A,,0,,1,
DATAFLOW,OECD.SDD.TPS:DSD_LFS@DF_IALFS_UNE_M(1.0),,I,BEL,,UNE_LF_M,,PT_LF_SUB,,_Z,,Y,,_T,,Y_GE15,,_Z,,M,,2025-07,,6.1,,,,A,,0,,1,
DATAFLOW,OECD.SDD.TPS:DSD_LFS@DF_IALFS_UNE_M(1.0),,I,BEL,,UNE_LF_M,,PT_LF_SUB,,_Z,,Y,,_T,,Y_GE15,,_Z,,M,,2025-12,,6.5,,,,A,,0,,1,
DATAFLOW,OECD.SDD.TPS:DSD_LFS@DF_IALFS_UNE_M(1.0),,I,BEL,,UNE_LF_M,,PT_LF_SUB,,_Z,,Y,,_T,,Y_GE15,,_Z,,M,,2026-01,,6.4,,,,A,,0,,1,
DATAFLOW,OECD.SDD.TPS:DSD_LFS@DF_IALFS_UNE_M(1.0),,I,CZE,,UNE_LF_M,,PT_LF_SUB,,_Z,,Y,,_T,,Y_GE15,,_Z,,M,,2026-01,,3.2,,,,A,,0,,1,
DATAFLOW,OECD.SDD.TPS:DSD_LFS@DF_IALFS_UNE_M(1.0),,I,DNK,,UNE_LF_M,,PT_LF_SUB,,_Z,,Y,,_T,,Y_GE15,,_Z,,M,,2025-02,,5.5,,,,A,,0,,1,
DATAFLOW,OECD.SDD.TPS:DSD_LFS@DF_IALFS_UNE_M(1.0),,I,DNK,,UNE_LF_M,,PT_LF_SUB,,_Z,,Y,,_T,,Y_GE15,,_Z,,M,,2025-08,,6.4,,,,A,,0,,1,
DATAFLOW,OECD.SDD.TPS:DSD_LFS@DF_IALFS_UNE_M(1.0),,I,DNK,,UNE_LF_M,,PT_LF_SUB,,_Z,,Y,,_T,,Y_GE15,,_Z,,M,,2025-09,,6.3,,,,A,,0,,1,
DATAFLOW,OECD.SDD.TPS:DSD_LFS@DF_IALFS_UNE_M(1.0),,I,DNK,,UNE_LF_M,,PT_LF_SUB,,_Z,,Y,,_T,,Y_GE15,,_Z,,M,,2025-10,,6.7,,,,A,,0,,1,
DATAFLOW,OECD.SDD.TPS:DSD_LFS@DF_IALFS_UNE_M(1.0),,I,DNK,,UNE_LF_M,,PT_LF_SUB,,_Z,,Y,,_T,,Y_GE15,,_Z,,M,,2025-11,,6.6,,,,A,,0,,1,
DATAFLOW,OECD.SDD.TPS:DSD_LFS@DF_IALFS_UNE_M(1.0),,I,DNK,,UNE_LF_M,,PT_LF_SUB,,_Z,,Y,,_T,,Y_GE15,,_Z,,M,,2025-12,,6.1,,,,A,,0,,1,
DATAFLOW,OECD.SDD.TPS:DSD_LFS@DF_IALFS_UNE_M(1.0),,I,DNK,,UNE_LF_M,,PT_LF_SUB,,_Z,,Y,,_T,,Y_GE15,,_Z,,M,,2026-01,,7.5,,,,A,,0,,1,
DATAFLOW,OECD.SDD.TPS:DSD_LFS@DF_IALFS_UNE_M(1.0),,I,FIN,,UNE_LF_M,,PT_LF_SUB,,_Z,,Y,,_T,,Y_GE15,,_Z,,M,,2026-01,,10,,,,A,,0,,1,
DATAFLOW,OECD.SDD.TPS:DSD_LFS@DF_IALFS_UNE_M(1.0),,I,FRA,,UNE_LF_M,,PT_LF_SUB,,_Z,,Y,,_T,,Y_GE15,,_Z,,M,,2025-02,,7.6,,,,A,,0,,1,
DATAFLOW,OECD.SDD.TPS:DSD_LFS@DF_IALFS_UNE_M(1.0),,I,FRA,,UNE_LF_M,,PT_LF_SUB,,_Z,,Y,,_T,,Y_GE15,,_Z,,M,,2025-09,,7.8,,,,A,,0,,1,
DATAFLOW,OECD.SDD.TPS:DSD_LFS@DF_IALFS_UNE_M(1.0),,I,FRA,,UNE_LF_M,,PT_LF_SUB,,_Z,,Y,,_T,,Y_GE15,,_Z,,M,,2025-10,,7.9,,,,A,,0,,1,
DATAFLOW,OECD.SDD.TPS:DSD_LFS@DF_IALFS_UNE_M(1.0),,I,FRA,,UNE_LF_M,,PT_LF_SUB,,_Z,,Y,,_T,,Y_GE15,,_Z,,M,,2025-11,,7.9,,,,A,,0,,1,
DATAFLOW,OECD.SDD.TPS:DSD_LFS@DF_IALFS_UNE_M(1.0),,I,FRA,,UNE_LF_M,,PT_LF_SUB,,_Z,,Y,,_T,,Y_GE15,,_Z,,M,,2025-12,,7.8,,,,A,,0,,1,
DATAFLOW,OECD.SDD.TPS:DSD_LFS@DF_IALFS_UNE_M(1.0),,I,FRA,,UNE_LF_M,,PT_LF_SUB,,_Z,,Y,,_T,,Y_GE15,,_Z,,M,,2026-01,,7.7,,,,A,,0,,1,
DATAFLOW,OECD.SDD.TPS:DSD_LFS@DF_IALFS_UNE_M(1.0),,I,DEU,,UNE_LF_M,,PT_LF_SUB,,_Z,,Y,,_T,,Y_GE15,,_Z,,M,,2025-06,,3.8,,,,A,,0,,1,
DATAFLOW,OECD.SDD.TPS:DSD_LFS@DF_IALFS_UNE_M(1.0),,I,DEU,,UNE_LF_M,,PT_LF_SUB,,_Z,,Y,,_T,,Y_GE15,,_Z,,M,,2025-10,,3.9,,,,A,,0,,1,
DATAFLOW,OECD.SDD.TPS:DSD_LFS@DF_IALFS_UNE_M(1.0),,I,DEU,,UNE_LF_M,,PT_LF_SUB,,_Z,,Y,,_T,,Y_GE15,,_Z,,M,,2025-11,,3.9,,,,A,,0,,1,
DATAFLOW,OECD.SDD.TPS:DSD_LFS@DF_IALFS_UNE_M(1.0),,I,DEU,,UNE_LF_M,,PT_LF_SUB,,_Z,,Y,,_T,,Y_GE15,,_Z,,M,,2025-12,,4,,,,A,,0,,1,
DATAFLOW,OECD.SDD.TPS:DSD_LFS@DF_IALFS_UNE_M(1.0),,I,DEU,,UNE_LF_M,,PT_LF_SUB,,_Z,,Y,,_T,,Y_GE15,,_Z,,M,,2026-01,,4,,,,A,,0,,1,
DATAFLOW,OECD.SDD.TPS:DSD_LFS@DF_IALFS_UNE_M(1.0),,I,GRC,,UNE_LF_M,,PT_LF_SUB,,_Z,,Y,,_T,,Y_GE15,,_Z,,M,,2025-03,,9.5,,,,A,,0,,1,
DATAFLOW,OECD.SDD.TPS:DSD_LFS@DF_IALFS_UNE_M(1.0),,I,GRC,,UNE_LF_M,,PT_LF_SUB,,_Z,,Y,,_T,,Y_GE15,,_Z,,M,,2025-08,,8.7,,,,A,,0,,1,
DATAFLOW,OECD.SDD.TPS:DSD_LFS@DF_IALFS_UNE_M(1.0),,I,GRC,,UNE_LF_M,,PT_LF_SUB,,_Z,,Y,,_T,,Y_GE15,,_Z,,M,,2025-09,,8.7,,,,A,,0,,1,
DATAFLOW,OECD.SDD.TPS:DSD_LFS@DF_IALFS_UNE_M(1.0),,I,GRC,,UNE_LF_M,,PT_LF_SUB,,_Z,,Y,,_T,,Y_GE15,,_Z,,M,,2025-10,,8.8,,,,A,,0,,1,
DATAFLOW,OECD.SDD.TPS:DSD_LFS@DF_IALFS_UNE_M(1.0),,I,GRC,,UNE_LF_M,,PT_LF_SUB,,_Z,,Y,,_T,,Y_GE15,,_Z,,M,,2025-11,,8.4,,,,A,,0,,1,
DATAFLOW,OECD.SDD.TPS:DSD_LFS@DF_IALFS_UNE_M(1.0),,I,GRC,,UNE_LF_M,,PT_LF_SUB,,_Z,,Y,,_T,,Y_GE15,,_Z,,M,,2025-12,,7.9,,,,A,,0,,1,
DATAFLOW,OECD.SDD.TPS:DSD_LFS@DF_IALFS_UNE_M(1.0),,I,GRC,,UNE_LF_M,,PT_LF_SUB,,_Z,,Y,,_T,,Y_GE15,,_Z,,M,,2026-01,,7.7,,,,A,,0,,1,
DATAFLOW,OECD.SDD.TPS:DSD_LFS@DF_IALFS_UNE_M(1.0),,I,HUN,,UNE_LF_M,,PT_LF_SUB,,_Z,,Y,,_T,,Y_GE15,,_Z,,M,,2026-01,,4.5,,,,A,,0,,1,
DATAFLOW,OECD.SDD.TPS:DSD_LFS@DF_IALFS_UNE_M(1.0),,I,IRL,,UNE_LF_M,,PT_LF_SUB,,_Z,,Y,,_T,,Y_GE15,,_Z,,M,,2025-08,,4.9,,,,A,,0,,1,
DATAFLOW,OECD.SDD.TPS:DSD_LFS@DF_IALFS_UNE_M(1.0),,I,IRL,,UNE_LF_M,,PT_LF_SUB,,_Z,,Y,,_T,,Y_GE15,,_Z,,M,,2025-09,,4.9,,,,A,,0,,1,
DATAFLOW,OECD.SDD.TPS:DSD_LFS@DF_IALFS_UNE_M(1.0),,I,IRL,,UNE_LF_M,,PT_LF_SUB,,_Z,,Y,,_T,,Y_GE15,,_Z,,M,,2025-10,,4.7,,,,A,,0,,1,
DATAFLOW,OECD.SDD.TPS:DSD_LFS@DF_IALFS_UNE_M(1.0),,I,IRL,,UNE_LF_M,,PT_LF_SUB,,_Z,,Y,,_T,,Y_GE15,,_Z,,M,,2025-11,,4.6,,,,A,,0,,1,
DATAFLOW,OECD.SDD.TPS:DSD_LFS@DF_IALFS_UNE_M(1.0),,I,IRL,,UNE_LF_M,,PT_LF_SUB,,_Z,,Y,,_T,,Y_GE15,,_Z,,M,,2025-12,,4.7,,,,A,,0,,1,
DATAFLOW,OECD.SDD.TPS:DSD_LFS@DF_IALFS_UNE_M(1.0),,I,IRL,,UNE_LF_M,,PT_LF_SUB,,_Z,,Y,,_T,,Y_GE15,,_Z,,M,,2026-01,,4.7,,,,A,,0,,1,
DATAFLOW,OECD.SDD.TPS:DSD_LFS@DF_IALFS_UNE_M(1.0),,I,ITA,,UNE_LF_M,,PT_LF_SUB,,_Z,,Y,,_T,,Y_GE15,,_Z,,M,,2025-12,,5.5,,,,A,,0,,1,
DATAFLOW,OECD.SDD.TPS:DSD_LFS@DF_IALFS_UNE_M(1.0),,I,ITA,,UNE_LF_M,,PT_LF_SUB,,_Z,,Y,,_T,,Y_GE15,,_Z,,M,,2026-01,,5.1,,,,A,,0,,1,
DATAFLOW,OECD.SDD.TPS:DSD_LFS@DF_IALFS_UNE_M(1.0),,I,LUX,,UNE_LF_M,,PT_LF_SUB,,_Z,,Y,,_T,,Y_GE15,,_Z,,M,,2025-04,,6.4,,,,A,,0,,1,
DATAFLOW,OECD.SDD.TPS:DSD_LFS@DF_IALFS_UNE_M(1.0),,I,LUX,,UNE_LF_M,,PT_LF_SUB,,_Z,,Y,,_T,,Y_GE15,,_Z,,M,,2025-05,,6.5,,,,A,,0,,1,
DATAFLOW,OECD.SDD.TPS:DSD_LFS@DF_IALFS_UNE_M(1.0),,I,LUX,,UNE_LF_M,,PT_LF_SUB,,_Z,,Y,,_T,,Y_GE15,,_Z,,M,,2025-06,,6.4,,,,A,,0,,1,
DATAFLOW,OECD.SDD.TPS:DSD_LFS@DF_IALFS_UNE_M(1.0),,I,LUX,,UNE_LF_M,,PT_LF_SUB,,_Z,,Y,,_T,,Y_GE15,,_Z,,M,,2025-10,,6.5,,,,A,,0,,1,
DATAFLOW,OECD.SDD.TPS:DSD_LFS@DF_IALFS_UNE_M(1.0),,I,LUX,,UNE_LF_M,,PT_LF_SUB,,_Z,,Y,,_T,,Y_GE15,,_Z,,M,,2025-11,,6.8,,,,A,,0,,1,
DATAFLOW,OECD.SDD.TPS:DSD_LFS@DF_IALFS_UNE_M(1.0),,I,LUX,,UNE_LF_M,,PT_LF_SUB,,_Z,,Y,,_T,,Y_GE15,,_Z,,M,,2025-12,,6.8,,,,A,,0,,1,
DATAFLOW,OECD.SDD.TPS:DSD_LFS@DF_IALFS_UNE_M(1.0),,I,LUX,,UNE_LF_M,,PT_LF_SUB,,_Z,,Y,,_T,,Y_GE15,,_Z,,M,,2026-01,,6.9,,,,A,,0,,1,
DATAFLOW,OECD.SDD.TPS:DSD_LFS@DF_IALFS_UNE_M(1.0),,I,NLD,,UNE_LF_M,,PT_LF_SUB,,_Z,,Y,,_T,,Y_GE15,,_Z,,M,,2026-01,,4,,,,A,,0,,1,
DATAFLOW,OECD.SDD.TPS:DSD_LFS@DF_IALFS_UNE_M(1.0),,I,NOR,,UNE_LF_M,,PT_LF_SUB,,_Z,,Y,,_T,,Y_GE15,,_Z,,M,,2026-01,,4.6,,,,A,,0,,1,
DATAFLOW,OECD.SDD.TPS:DSD_LFS@DF_IALFS_UNE_M(1.0),,I,POL,,UNE_LF_M,,PT_LF_SUB,,_Z,,Y,,_T,,Y_GE15,,_Z,,M,,2025-03,,3.2,,,,A,,0,,1,
DATAFLOW,OECD.SDD.TPS:DSD_LFS@DF_IALFS_UNE_M(1.0),,I,POL,,UNE_LF_M,,PT_LF_SUB,,_Z,,Y,,_T,,Y_GE15,,_Z,,M,,2026-01,,3.1,,,,A,,0,,1,
DATAFLOW,OECD.SDD.TPS:DSD_LFS@DF_IALFS_UNE_M(1.0),,I,PRT,,UNE_LF_M,,PT_LF_SUB,,_Z,,Y,,_T,,Y_GE15,,_Z,,M,,2026-01,,5.6,,,,A,,0,,1,
DATAFLOW,OECD.SDD.TPS:DSD_LFS@DF_IALFS_UNE_M(1.0),,I,SVN,,UNE_LF_M,,PT_LF_SUB,,_Z,,Y,,_T,,Y_GE15,,_Z,,M,,2025-06,,3.4,,,,A,,0,,1,
DATAFLOW,OECD.SDD.TPS:DSD_LFS@DF_IALFS_UNE_M(1.0),,I,SVN,,UNE_LF_M,,PT_LF_SUB,,_Z,,Y,,_T,,Y_GE15,,_Z,,M,,2025-08,,3.9,,,,A,,0,,1,
DATAFLOW,OECD.SDD.TPS:DSD_LFS@DF_IALFS_UNE_M(1.0),,I,SVN,,UNE_LF_M,,PT_LF_SUB,,_Z,,Y,,_T,,Y_GE15,,_Z,,M,,2025-09,,4.1,,,,A,,0,,1,
DATAFLOW,OECD.SDD.TPS:DSD_LFS@DF_IALFS_UNE_M(1.0),,I,SVN,,UNE_LF_M,,PT_LF_SUB,,_Z,,Y,,_T,,Y_GE15,,_Z,,M,,2025-10,,4.2,,,,A,,0,,1,
DATAFLOW,OECD.SDD.TPS:DSD_LFS@DF_IALFS_UNE_M(1.0),,I,SVN,,UNE_LF_M,,PT_LF_SUB,,_Z,,Y,,_T,,Y_GE15,,_Z,,M,,2025-11,,4.2,,,,A,,0,,1,
DATAFLOW,OECD.SDD.TPS:DSD_LFS@DF_IALFS_UNE_M(1.0),,I,SVN,,UNE_LF_M,,PT_LF_SUB,,_Z,,Y,,_T,,Y_GE15,,_Z,,M,,2025-12,,4.1,,,,A,,0,,1,
DATAFLOW,OECD.SDD.TPS:DSD_LFS@DF_IALFS_UNE_M(1.0),,I,SVN,,UNE_LF_M,,PT_LF_SUB,,_Z,,Y,,_T,,Y_GE15,,_Z,,M,,2026-01,,3.9,,,,A,,0,,1,
DATAFLOW,OECD.SDD.TPS:DSD_LFS@DF_IALFS_UNE_M(1.0),,I,ESP,,UNE_LF_M,,PT_LF_SUB,,_Z,,Y,,_T,,Y_GE15,,_Z,,M,,2025-04,,10.7,,,,A,,0,,1,
DATAFLOW,OECD.SDD.TPS:DSD_LFS@DF_IALFS_UNE_M(1.0),,I,ESP,,UNE_LF_M,,PT_LF_SUB,,_Z,,Y,,_T,,Y_GE15,,_Z,,M,,2026-01,,9.8,,,,A,,0,,1,
DATAFLOW,OECD.SDD.TPS:DSD_LFS@DF_IALFS_UNE_M(1.0),,I,SWE,,UNE_LF_M,,PT_LF_SUB,,_Z,,Y,,_T,,Y_GE15,,_Z,,M,,2025-04,,8.6,,,,A,,0,,1,
DATAFLOW,OECD.SDD.TPS:DSD_LFS@DF_IALFS_UNE_M(1.0),,I,SWE,,UNE_LF_M,,PT_LF_SUB,,_Z,,Y,,_T,,Y_GE15,,_Z,,M,,2025-09,,8.7,,,,A,,0,,1,
DATAFLOW,OECD.SDD.TPS:DSD_LFS@DF_IALFS_UNE_M(1.0),,I,SWE,,UNE_LF_M,,PT_LF_SUB,,_Z,,Y,,_T,,Y_GE15,,_Z,,M,,2025-11,,9,,,,A,,0,,1,
DATAFLOW,OECD.SDD.TPS:DSD_LFS@DF_IALFS_UNE_M(1.0),,I,SWE,,UNE_LF_M,,PT_LF_SUB,,_Z,,Y,,_T,,Y_GE15,,_Z,,M,,2026-01,,8,,,,A,,0,,1,
DATAFLOW,OECD.SDD.TPS:DSD_LFS@DF_IALFS_UNE_M(1.0),,I,EU27_2020,,UNE_LF_M,,PT_LF_SUB,,_Z,,Y,,_T,,Y_GE15,,_Z,,M,,2025-02,,6,,,,A,,0,,1,
DATAFLOW,OECD.SDD.TPS:DSD_LFS@DF_IALFS_UNE_M(1.0),,I,EU27_2020,,UNE_LF_M,,PT_LF_SUB,,_Z,,Y,,_T,,Y_GE15,,_Z,,M,,2025-04,,6,,,,A,,0,,1,
DATAFLOW,OECD.SDD.TPS:DSD_LFS@DF_IALFS_UNE_M(1.0),,I,EU27_2020,,UNE_LF_M,,PT_LF_SUB,,_Z,,Y,,_T,,Y_GE15,,_Z,,M,,2025-11,,6,,,,A,,0,,1,
DATAFLOW,OECD.SDD.TPS:DSD_LFS@DF_IALFS_UNE_M(1.0),,I,EU27_2020,,UNE_LF_M,,PT_LF_SUB,,_Z,,Y,,_T,,Y_GE15,,_Z,,M,,2026-01,,5.8,,,,A,,0,,1,
DATAFLOW,OECD.SDD.TPS:DSD_LFS@DF_IALFS_UNE_M(1.0),,I,BGR,,UNE_LF_M,,PT_LF_SUB,,_Z,,Y,,_T,,Y_GE15,,_Z,,M,,2025-09,,3.6,,,,A,,0,,1,
DATAFLOW,OECD.SDD.TPS:DSD_LFS@DF_IALFS_UNE_M(1.0),,I,BGR,,UNE_LF_M,,PT_LF_SUB,,_Z,,Y,,_T,,Y_GE15,,_Z,,M,,2025-10,,3.4,,,,A,,0,,1,
DATAFLOW,OECD.SDD.TPS:DSD_LFS@DF_IALFS_UNE_M(1.0),,I,BGR,,UNE_LF_M,,PT_LF_SUB,,_Z,,Y,,_T,,Y_GE15,,_Z,,M,,2025-11,,3.3,,,,A,,0,,1,
DATAFLOW,OECD.SDD.TPS:DSD_LFS@DF_IALFS_UNE_M(1.0),,I,BGR,,UNE_LF_M,,PT_LF_SUB,,_Z,,Y,,_T,,Y_GE15,,_Z,,M,,2025-12,,3.2,,,,A,,0,,1,
DATAFLOW,OECD.SDD.TPS:DSD_LFS@DF_IALFS_UNE_M(1.0),,I,BGR,,UNE_LF_M,,PT_LF_SUB,,_Z,,Y,,_T,,Y_GE15,,_Z,,M,,2026-01,,3.1,,,,A,,0,,1,
DATAFLOW,OECD.SDD.TPS:DSD_LFS@DF_IALFS_UNE_M(1.0),,I,HRV,,UNE_LF_M,,PT_LF_SUB,,_Z,,Y,,_T,,Y_GE15,,_Z,,M,,2025-06,,4.8,,,,A,,0,,1,
DATAFLOW,OECD.SDD.TPS:DSD_LFS@DF_IALFS_UNE_M(1.0),,I,HRV,,UNE_LF_M,,PT_LF_SUB,,_Z,,Y,,_T,,Y_GE15,,_Z,,M,,2025-09,,4.8,,,,A,,0,,1,
DATAFLOW,OECD.SDD.TPS:DSD_LFS@DF_IALFS_UNE_M(1.0),,I,HRV,,UNE_LF_M,,PT_LF_SUB,,_Z,,Y,,_T,,Y_GE15,,_Z,,M,,2025-10,,4.7,,,,A,,0,,1,
DATAFLOW,OECD.SDD.TPS:DSD_LFS@DF_IALFS_UNE_M(1.0),,I,HRV,,UNE_LF_M,,PT_LF_SUB,,_Z,,Y,,_T,,Y_GE15,,_Z,,M,,2025-12,,4.6,,,,A,,0,,1,
DATAFLOW,OECD.SDD.TPS:DSD_LFS@DF_IALFS_UNE_M(1.0),,I,HRV,,UNE_LF_M,,PT_LF_SUB,,_Z,,Y,,_T,,Y_GE15,,_Z,,M,,2026-01,,4.5,,,,A,,0,,1,
DATAFLOW,OECD.SDD.TPS:DSD_LFS@DF_IALFS_UNE_M(1.0),,I,ROU,,UNE_LF_M,,PT_LF_SUB,,_Z,,Y,,_T,,Y_GE15,,_Z,,M,,2025-02,,6.1,,,,A,,0,,1,
DATAFLOW,OECD.SDD.TPS:DSD_LFS@DF_IALFS_UNE_M(1.0),,I,ROU,,UNE_LF_M,,PT_LF_SUB,,_Z,,Y,,_T,,Y_GE15,,_Z,,M,,2025-03,,6.2,,,,A,,0,,1,
DATAFLOW,OECD.SDD.TPS:DSD_LFS@DF_IALFS_UNE_M(1.0),,I,ROU,,UNE_LF_M,,PT_LF_SUB,,_Z,,Y,,_T,,Y_GE15,,_Z,,M,,2025-04,,6.1,,,,A,,0,,1,
DATAFLOW,OECD.SDD.TPS:DSD_LFS@DF_IALFS_UNE_M(1.0),,I,ROU,,UNE_LF_M,,PT_LF_SUB,,_Z,,Y,,_T,,Y_GE15,,_Z,,M,,2025-05,,6.2,,,,A,,0,,1,
DATAFLOW,OECD.SDD.TPS:DSD_LFS@DF_IALFS_UNE_M(1.0),,I,ROU,,UNE_LF_M,,PT_LF_SUB,,_Z,,Y,,_T,,Y_GE15,,_Z,,M,,2025-06,,6.2,,,,A,,0,,1,
DATAFLOW,OECD.SDD.TPS:DSD_LFS@DF_IALFS_UNE_M(1.0),,I,ROU,,UNE_LF_M,,PT_LF_SUB,,_Z,,Y,,_T,,Y_GE15,,_Z,,M,,2025-07,,5.9,,,,A,,0,,1,
DATAFLOW,OECD.SDD.TPS:DSD_LFS@DF_IALFS_UNE_M(1.0),,I,ROU,,UNE_LF_M,,PT_LF_SUB,,_Z,,Y,,_T,,Y_GE15,,_Z,,M,,2025-09,,6,,,,A,,0,,1,
DATAFLOW,OECD.SDD.TPS:DSD_LFS@DF_IALFS_UNE_M(1.0),,I,ROU,,UNE_LF_M,,PT_LF_SUB,,_Z,,Y,,_T,,Y_GE15,,_Z,,M,,2025-10,,6.1,,,,A,,0,,1,
DATAFLOW,OECD.SDD.TPS:DSD_LFS@DF_IALFS_UNE_M(1.0),,I,ROU,,UNE_LF_M,,PT_LF_SUB,,_Z,,Y,,_T,,Y_GE15,,_Z,,M,,2025-11,,6.3,,,,A,,0,,1,
DATAFLOW,OECD.SDD.TPS:DSD_LFS@DF_IALFS_UNE_M(1.0),,I,ROU,,UNE_LF_M,,PT_LF_SUB,,_Z,,Y,,_T,,Y_GE15,,_Z,,M,,2025-12,,6.1,,,,A,,0,,1,
DATAFLOW,OECD.SDD.TPS:DSD_LFS@DF_IALFS_UNE_M(1.0),,I,ROU,,UNE_LF_M,,PT_LF_SUB,,_Z,,Y,,_T,,Y_GE15,,_Z,,M,,2026-01,,6,,,,A,,0,,1,
DATAFLOW,OECD.SDD.TPS:DSD_LFS@DF_IALFS_UNE_M(1.0),,I,SVK,,UNE_LF_M,,PT_LF_SUB,,_Z,,Y,,_T,,Y_GE15,,_Z,,M,,2025-04,,5.4,,,,A,,0,,1,
DATAFLOW,OECD.SDD.TPS:DSD_LFS@DF_IALFS_UNE_M(1.0),,I,SVK,,UNE_LF_M,,PT_LF_SUB,,_Z,,Y,,_T,,Y_GE15,,_Z,,M,,2025-05,,5.4,,,,A,,0,,1,
DATAFLOW,OECD.SDD.TPS:DSD_LFS@DF_IALFS_UNE_M(1.0),,I,SVK,,UNE_LF_M,,PT_LF_SUB,,_Z,,Y,,_T,,Y_GE15,,_Z,,M,,2025-08,,5.4,,,,A,,0,,1,
DATAFLOW,OECD.SDD.TPS:DSD_LFS@DF_IALFS_UNE_M(1.0),,I,SVK,,UNE_LF_M,,PT_LF_SUB,,_Z,,Y,,_T,,Y_GE15,,_Z,,M,,2025-10,,5.5,,,,A,,0,,1,
DATAFLOW,OECD.SDD.TPS:DSD_LFS@DF_IALFS_UNE_M(1.0),,I,SVK,,UNE_LF_M,,PT_LF_SUB,,_Z,,Y,,_T,,Y_GE15,,_Z,,M,,2025-11,,5.6,,,,A,,0,,1,
DATAFLOW,OECD.SDD.TPS:DSD_LFS@DF_IALFS_UNE_M(1.0),,I,SVK,,UNE_LF_M,,PT_LF_SUB,,_Z,,Y,,_T,,Y_GE15,,_Z,,M,,2025-12,,5.6,,,,A,,0,,1,
DATAFLOW,OECD.SDD.TPS:DSD_LFS@DF_IALFS_UNE_M(1.0),,I,SVK,,UNE_LF_M,,PT_LF_SUB,,_Z,,Y,,_T,,Y_GE15,,_Z,,M,,2026-01,,5.6,,,,A,,0,,1,
DATAFLOW,OECD.SDD.TPS:DSD_LFS@DF_IALFS_UNE_M(1.0),,I,EST,,UNE_LF_M,,PT_LF_SUB,,_Z,,Y,,_T,,Y_GE15,,_Z,,M,,2025-02,,8.2,,,,A,,0,,1,
DATAFLOW,OECD.SDD.TPS:DSD_LFS@DF_IALFS_UNE_M(1.0),,I,EST,,UNE_LF_M,,PT_LF_SUB,,_Z,,Y,,_T,,Y_GE15,,_Z,,M,,2025-03,,7.9,,,,A,,0,,1,
DATAFLOW,OECD.SDD.TPS:DSD_LFS@DF_IALFS_UNE_M(1.0),,I,EST,,UNE_LF_M,,PT_LF_SUB,,_Z,,Y,,_T,,Y_GE15,,_Z,,M,,2025-04,,7.8,,,,A,,0,,1,
DATAFLOW,OECD.SDD.TPS:DSD_LFS@DF_IALFS_UNE_M(1.0),,I,EST,,UNE_LF_M,,PT_LF_SUB,,_Z,,Y,,_T,,Y_GE15,,_Z,,M,,2025-07,,8,,,,A,,0,,1,
DATAFLOW,OECD.SDD.TPS:DSD_LFS@DF_IALFS_UNE_M(1.0),,I,EST,,UNE_LF_M,,PT_LF_SUB,,_Z,,Y,,_T,,Y_GE15,,_Z,,M,,2025-08,,7.4,,,,A,,0,,1,
DATAFLOW,OECD.SDD.TPS:DSD_LFS@DF_IALFS_UNE_M(1.0),,I,EST,,UNE_LF_M,,PT_LF_SUB,,_Z,,Y,,_T,,Y_GE15,,_Z,,M,,2025-09,,7.3,,,,A,,0,,1,
DATAFLOW,OECD.SDD.TPS:DSD_LFS@DF_IALFS_UNE_M(1.0),,I,EST,,UNE_LF_M,,PT_LF_SUB,,_Z,,Y,,_T,,Y_GE15,,_Z,,M,,2025-10,,6.9,,,,A,,0,,1,
DATAFLOW,OECD.SDD.TPS:DSD_LFS@DF_IALFS_UNE_M(1.0),,I,EST,,UNE_LF_M,,PT_LF_SUB,,_Z,,Y,,_T,,Y_GE15,,_Z,,M,,2025-11,,6.5,,,,A,,0,,1,
DATAFLOW,OECD.SDD.TPS:DSD_LFS@DF_IALFS_UNE_M(1.0),,I,EST,,UNE_LF_M,,PT_LF_SUB,,_Z,,Y,,_T,,Y_GE15,,_Z,,M,,2025-12,,6.5,,,,A,,0,,1,
DATAFLOW,OECD.SDD.TPS:DSD_LFS@DF_IALFS_UNE_M(1.0),,I,EST,,UNE_LF_M,,PT_LF_SUB,,_Z,,Y,,_T,,Y_GE15,,_Z,,M,,2026-01,,6.3,,,,A,,0,,1,
DATAFLOW,OECD.SDD.TPS:DSD_LFS@DF_IALFS_UNE_M(1.0),,I,ISL,,UNE_LF_M,,PT_LF_SUB,,_Z,,Y,,_T,,Y_GE15,,_Z,,M,,2025-02,,3.9,,,,A,,0,,1,
DATAFLOW,OECD.SDD.TPS:DSD_LFS@DF_IALFS_UNE_M(1.0),,I,ISL,,UNE_LF_M,,PT_LF_SUB,,_Z,,Y,,_T,,Y_GE15,,_Z,,M,,2025-03,,3.9,,,,A,,0,,1,
DATAFLOW,OECD.SDD.TPS:DSD_LFS@DF_IALFS_UNE_M(1.0),,I,ISL,,UNE_LF_M,,PT_LF_SUB,,_Z,,Y,,_T,,Y_GE15,,_Z,,M,,2025-04,,3.9,,,,A,,0,,1,
DATAFLOW,OECD.SDD.TPS:DSD_LFS@DF_IALFS_UNE_M(1.0),,I,ISL,,UNE_LF_M,,PT_LF_SUB,,_Z,,Y,,_T,,Y_GE15,,_Z,,M,,2025-06,,4.1,,,,A,,0,,1,
DATAFLOW,OECD.SDD.TPS:DSD_LFS@DF_IALFS_UNE_M(1.0),,I,ISL,,UNE_LF_M,,PT_LF_SUB,,_Z,,Y,,_T,,Y_GE15,,_Z,,M,,2025-07,,4.2,,,,A,,0,,1,
DATAFLOW,OECD.SDD.TPS:DSD_LFS@DF_IALFS_UNE_M(1.0),,I,ISL,,UNE_LF_M,,PT_LF_SUB,,_Z,,Y,,_T,,Y_GE15,,_Z,,M,,2025-08,,4.4,,,,A,,0,,1,
DATAFLOW,OECD.SDD.TPS:DSD_LFS@DF_IALFS_UNE_M(1.0),,I,ISL,,UNE_LF_M,,PT_LF_SUB,,_Z,,Y,,_T,,Y_GE15,,_Z,,M,,2025-09,,4.6,,,,A,,0,,1,
DATAFLOW,OECD.SDD.TPS:DSD_LFS@DF_IALFS_UNE_M(1.0),,I,ISL,,UNE_LF_M,,PT_LF_SUB,,_Z,,Y,,_T,,Y_GE15,,_Z,,M,,2025-10,,4.8,,,,A,,0,,1,
DATAFLOW,OECD.SDD.TPS:DSD_LFS@DF_IALFS_UNE_M(1.0),,I,ISL,,UNE_LF_M,,PT_LF_SUB,,_Z,,Y,,_T,,Y_GE15,,_Z,,M,,2025-11,,5.1,,,,A,,0,,1,
DATAFLOW,OECD.SDD.TPS:DSD_LFS@DF_IALFS_UNE_M(1.0),,I,ISL,,UNE_LF_M,,PT_LF_SUB,,_Z,,Y,,_T,,Y_GE15,,_Z,,M,,2025-12,,5.2,,,,A,,0,,1,
DATAFLOW,OECD.SDD.TPS:DSD_LFS@DF_IALFS_UNE_M(1.0),,I,ISL,,UNE_LF_M,,PT_LF_SUB,,_Z,,Y,,_T,,Y_GE15,,_Z,,M,,2026-01,,5.3,,,,A,,0,,1,
DATAFLOW,OECD.SDD.TPS:DSD_LFS@DF_IALFS_UNE_M(1.0),,I,CAN,,UNE_LF_M,,PT_LF_SUB,,_Z,,Y,,_T,,Y_GE15,,_Z,,M,,2026-02,,6.7,,,,A,,0,,1,
DATAFLOW,OECD.SDD.TPS:DSD_LFS@DF_IALFS_UNE_M(1.0),,I,GBR,,UNE_LF_M,,PT_LF_SUB,,_Z,,Y,,_T,,Y_GE15,,_Z,,M,,2025-12,,5.2,,,,A,,0,,1,
DATAFLOW,OECD.SDD.TPS:DSD_LFS@DF_IALFS_UNE_M(1.0),,I,ISR,,UNE_LF_M,,PT_LF_SUB,,_Z,,Y,,_T,,Y_GE15,,_Z,,M,,2025-02,,2.879605,,,,A,,0,,1,
DATAFLOW,OECD.SDD.TPS:DSD_LFS@DF_IALFS_UNE_M(1.0),,I,ISR,,UNE_LF_M,,PT_LF_SUB,,_Z,,Y,,_T,,Y_GE15,,_Z,,M,,2025-03,,2.960822,,,,A,,0,,1,
DATAFLOW,OECD.SDD.TPS:DSD_LFS@DF_IALFS_UNE_M(1.0),,I,ISR,,UNE_LF_M,,PT_LF_SUB,,_Z,,Y,,_T,,Y_GE15,,_Z,,M,,2025-04,,3.038986,,,,A,,0,,1,
DATAFLOW,OECD.SDD.TPS:DSD_LFS@DF_IALFS_UNE_M(1.0),,I,ISR,,UNE_LF_M,,PT_LF_SUB,,_Z,,Y,,_T,,Y_GE15,,_Z,,M,,2025-05,,3.088279,,,,A,,0,,1,
DATAFLOW,OECD.SDD.TPS:DSD_LFS@DF_IALFS_UNE_M(1.0),,I,ISR,,UNE_LF_M,,PT_LF_SUB,,_Z,,Y,,_T,,Y_GE15,,_Z,,M,,2025-06,,2.741222,,,,A,,0,,1,
DATAFLOW,OECD.SDD.TPS:DSD_LFS@DF_IALFS_UNE_M(1.0),,I,ISR,,UNE_LF_M,,PT_LF_SUB,,_Z,,Y,,_T,,Y_GE15,,_Z,,M,,2025-07,,3.127508,,,,A,,0,,1,
DATAFLOW,OECD.SDD.TPS:DSD_LFS@DF_IALFS_UNE_M(1.0),,I,ISR,,UNE_LF_M,,PT_LF_SUB,,_Z,,Y,,_T,,Y_GE15,,_Z,,M,,2025-08,,2.916256,,,,A,,0,,1,
DATAFLOW,OECD.SDD.TPS:DSD_LFS@DF_IALFS_UNE_M(1.0),,I,ISR,,UNE_LF_M,,PT_LF_SUB,,_Z,,Y,,_T,,Y_GE15,,_Z,,M,,2025-09,,3.04326,,,,A,,0,,1,
DATAFLOW,OECD.SDD.TPS:DSD_LFS@DF_IALFS_UNE_M(1.0),,I,ISR,,UNE_LF_M,,PT_LF_SUB,,_Z,,Y,,_T,,Y_GE15,,_Z,,M,,2025-10,,3.093181,,,,A,,0,,1,
DATAFLOW,OECD.SDD.TPS:DSD_LFS@DF_IALFS_UNE_M(1.0),,I,ISR,,UNE_LF_M,,PT_LF_SUB,,_Z,,Y,,_T,,Y_GE15,,_Z,,M,,2025-11,,3.165288,,,,A,,0,,1,
DATAFLOW,OECD.SDD.TPS:DSD_LFS@DF_IALFS_UNE_M(1.0),,I,ISR,,UNE_LF_M,,PT_LF_SUB,,_Z,,Y,,_T,,Y_GE15,,_Z,,M,,2025-12,,3.132978,,,,A,,0,,1,
DATAFLOW,OECD.SDD.TPS:DSD_LFS@DF_IALFS_UNE_M(1.0),,I,ISR,,UNE_LF_M,,PT_LF_SUB,,_Z,,Y,,_T,,Y_GE15,,_Z,,M,,2026-01,,3.057843,,,,A,,0,,1,
DATAFLOW,OECD.SDD.TPS:DSD_LFS@DF_IALFS_UNE_M(1.0),,I,ISR,,UNE_LF_M,,PT_LF_SUB,,_Z,,Y,,_T,,Y_GE15,,_Z,,M,,2026-02,,2.663203,,,,A,,0,,1,
DATAFLOW,OECD.SDD.TPS:DSD_LFS@DF_IALFS_UNE_M(1.0),,I,LTU,,UNE_LF_M,,PT_LF_SUB,,_Z,,Y,,_T,,Y_GE15,,_Z,,M,,2025-02,,6.8,,,,A,,0,,1,
DATAFLOW,OECD.SDD.TPS:DSD_LFS@DF_IALFS_UNE_M(1.0),,I,LTU,,UNE_LF_M,,PT_LF_SUB,,_Z,,Y,,_T,,Y_GE15,,_Z,,M,,2025-03,,6.6,,,,A,,0,,1,
DATAFLOW,OECD.SDD.TPS:DSD_LFS@DF_IALFS_UNE_M(1.0),,I,LTU,,UNE_LF_M,,PT_LF_SUB,,_Z,,Y,,_T,,Y_GE15,,_Z,,M,,2025-04,,6.9,,,,A,,0,,1,
DATAFLOW,OECD.SDD.TPS:DSD_LFS@DF_IALFS_UNE_M(1.0),,I,LTU,,UNE_LF_M,,PT_LF_SUB,,_Z,,Y,,_T,,Y_GE15,,_Z,,M,,2025-05,,7,,,,A,,0,,1,
DATAFLOW,OECD.SDD.TPS:DSD_LFS@DF_IALFS_UNE_M(1.0),,I,LTU,,UNE_LF_M,,PT_LF_SUB,,_Z,,Y,,_T,,Y_GE15,,_Z,,M,,2025-06,,7,,,,A,,0,,1,
DATAFLOW,OECD.SDD.TPS:DSD_LFS@DF_IALFS_UNE_M(1.0),,I,LTU,,UNE_LF_M,,PT_LF_SUB,,_Z,,Y,,_T,,Y_GE15,,_Z,,M,,2025-07,,6.8,,,,A,,0,,1,
DATAFLOW,OECD.SDD.TPS:DSD_LFS@DF_IALFS_UNE_M(1.0),,I,LTU,,UNE_LF_M,,PT_LF_SUB,,_Z,,Y,,_T,,Y_GE15,,_Z,,M,,2025-08,,6.9,,,,A,,0,,1,
DATAFLOW,OECD.SDD.TPS:DSD_LFS@DF_IALFS_UNE_M(1.0),,I,LTU,,UNE_LF_M,,PT_LF_SUB,,_Z,,Y,,_T,,Y_GE15,,_Z,,M,,2025-09,,6.6,,,,A,,0,,1,
DATAFLOW,OECD.SDD.TPS:DSD_LFS@DF_IALFS_UNE_M(1.0),,I,LTU,,UNE_LF_M,,PT_LF_SUB,,_Z,,Y,,_T,,Y_GE15,,_Z,,M,,2025-10,,6.7,,,,A,,0,,1,
DATAFLOW,OECD.SDD.TPS:DSD_LFS@DF_IALFS_UNE_M(1.0),,I,LTU,,UNE_LF_M,,PT_LF_SUB,,_Z,,Y,,_T,,Y_GE15,,_Z,,M,,2025-12,,6.7,,,,A,,0,,1,
DATAFLOW,OECD.SDD.TPS:DSD_LFS@DF_IALFS_UNE_M(1.0),,I,LTU,,UNE_LF_M,,PT_LF_SUB,,_Z,,Y,,_T,,Y_GE15,,_Z,,M,,2026-01,,6.4,,,,A,,0,,1,
DATAFLOW,OECD.SDD.TPS:DSD_LFS@DF_IALFS_UNE_M(1.0),,I,TUR,,UNE_LF_M,,PT_LF_SUB,,_Z,,Y,,_T,,Y_GE15,,_Z,,M,,2025-02,,8.2,,,,A,,0,,1,
DATAFLOW,OECD.SDD.TPS:DSD_LFS@DF_IALFS_UNE_M(1.0),,I,TUR,,UNE_LF_M,,PT_LF_SUB,,_Z,,Y,,_T,,Y_GE15,,_Z,,M,,2025-06,,8.5,,,,A,,0,,1,
DATAFLOW,OECD.SDD.TPS:DSD_LFS@DF_IALFS_UNE_M(1.0),,I,TUR,,UNE_LF_M,,PT_LF_SUB,,_Z,,Y,,_T,,Y_GE15,,_Z,,M,,2025-10,,8.5,,,,A,,0,,1,
DATAFLOW,OECD.SDD.TPS:DSD_LFS@DF_IALFS_UNE_M(1.0),,I,TUR,,UNE_LF_M,,PT_LF_SUB,,_Z,,Y,,_T,,Y_GE15,,_Z,,M,,2025-12,,7.9,,,,A,,0,,1,
DATAFLOW,OECD.SDD.TPS:DSD_LFS@DF_IALFS_UNE_M(1.0),,I,TUR,,UNE_LF_M,,PT_LF_SUB,,_Z,,Y,,_T,,Y_GE15,,_Z,,M,,2026-01,,8.2,,,,A,,0,,1,
DATAFLOW,OECD.SDD.TPS:DSD_LFS@DF_IALFS_UNE_M(1.0),,I,TUR,,UNE_LF_M,,PT_LF_SUB,,_Z,,Y,,_T,,Y_GE15,,_Z,,M,,2026-02,,8.5,,,,A,,0,,1,
DATAFLOW,OECD.SDD.TPS:DSD_LFS@DF_IALFS_UNE_M(1.0),,I,CRI,,UNE_LF_M,,PT_LF_SUB,,_Z,,Y,,_T,,Y_GE15,,_Z,,M,,2025-02,,7.453269,,,,A,,0,,1,
DATAFLOW,OECD.SDD.TPS:DSD_LFS@DF_IALFS_UNE_M(1.0),,I,CRI,,UNE_LF_M,,PT_LF_SUB,,_Z,,Y,,_T,,Y_GE15,,_Z,,M,,2025-03,,7.274434,,,,A,,0,,1,
DATAFLOW,OECD.SDD.TPS:DSD_LFS@DF_IALFS_UNE_M(1.0),,I,CRI,,UNE_LF_M,,PT_LF_SUB,,_Z,,Y,,_T,,Y_GE15,,_Z,,M,,2025-04,,6.860406,,,,A,,0,,1,
DATAFLOW,OECD.SDD.TPS:DSD_LFS@DF_IALFS_UNE_M(1.0),,I,CRI,,UNE_LF_M,,PT_LF_SUB,,_Z,,Y,,_T,,Y_GE15,,_Z,,M,,2025-05,,7.382634,,,,A,,0,,1,
DATAFLOW,OECD.SDD.TPS:DSD_LFS@DF_IALFS_UNE_M(1.0),,I,CRI,,UNE_LF_M,,PT_LF_SUB,,_Z,,Y,,_T,,Y_GE15,,_Z,,M,,2025-06,,6.643727,,,,A,,0,,1,
DATAFLOW,OECD.SDD.TPS:DSD_LFS@DF_IALFS_UNE_M(1.0),,I,CRI,,UNE_LF_M,,PT_LF_SUB,,_Z,,Y,,_T,,Y_GE15,,_Z,,M,,2025-07,,5.970894,,,,A,,0,,1,
DATAFLOW,OECD.SDD.TPS:DSD_LFS@DF_IALFS_UNE_M(1.0),,I,CRI,,UNE_LF_M,,PT_LF_SUB,,_Z,,Y,,_T,,Y_GE15,,_Z,,M,,2025-08,,5.761569,,,,A,,0,,1,
DATAFLOW,OECD.SDD.TPS:DSD_LFS@DF_IALFS_UNE_M(1.0),,I,CRI,,UNE_LF_M,,PT_LF_SUB,,_Z,,Y,,_T,,Y_GE15,,_Z,,M,,2025-09,,6.021238,,,,A,,0,,1,
DATAFLOW,OECD.SDD.TPS:DSD_LFS@DF_IALFS_UNE_M(1.0),,I,CRI,,UNE_LF_M,,PT_LF_SUB,,_Z,,Y,,_T,,Y_GE15,,_Z,,M,,2025-10,,6.643816,,,,A,,0,,1,
DATAFLOW,OECD.SDD.TPS:DSD_LFS@DF_IALFS_UNE_M(1.0),,I,CRI,,UNE_LF_M,,PT_LF_SUB,,_Z,,Y,,_T,,Y_GE15,,_Z,,M,,2025-11,,6.34654,,,,A,,0,,1,
DATAFLOW,OECD.SDD.TPS:DSD_LFS@DF_IALFS_UNE_M(1.0),,I,CRI,,UNE_LF_M,,PT_LF_SUB,,_Z,,Y,,_T,,Y_GE15,,_Z,,M,,2025-12,,6.632521,,,,A,,0,,1,
DATAFLOW,OECD.SDD.TPS:DSD_LFS@DF_IALFS_UNE_M(1.0),,I,USA,,UNE_LF_M,,PT_LF_SUB,,_Z,,Y,,_T,,Y_GE15,,_Z,,M,,2026-02,,4.4,,,,A,,0,,1,
DATAFLOW,OECD.SDD.TPS:DSD_LFS@DF_IALFS_UNE_M(1.0),,I,AUS,,UNE_LF_M,,PT_LF_SUB,,_Z,,Y,,_T,,Y_GE15,,_Z,,M,,2025-02,,4.051059,,,,A,,0,,1,
DATAFLOW,OECD.SDD.TPS:DSD_LFS@DF_IALFS_UNE_M(1.0),,I,AUS,,UNE_LF_M,,PT_LF_SUB,,_Z,,Y,,_T,,Y_GE15,,_Z,,M,,2025-03,,4.056848,,,,A,,0,,1,
DATAFLOW,OECD.SDD.TPS:DSD_LFS@DF_IALFS_UNE_M(1.0),,I,AUS,,UNE_LF_M,,PT_LF_SUB,,_Z,,Y,,_T,,Y_GE15,,_Z,,M,,2025-04,,4.084208,,,,A,,0,,1,
DATAFLOW,OECD.SDD.TPS:DSD_LFS@DF_IALFS_UNE_M(1.0),,I,AUS,,UNE_LF_M,,PT_LF_SUB,,_Z,,Y,,_T,,Y_GE15,,_Z,,M,,2025-05,,4.096051,,,,A,,0,,1,
DATAFLOW,OECD.SDD.TPS:DSD_LFS@DF_IALFS_UNE_M(1.0),,I,AUS,,UNE_LF_M,,PT_LF_SUB,,_Z,,Y,,_T,,Y_GE15,,_Z,,M,,2025-06,,4.321311,,,,A,,0,,1,
DATAFLOW,OECD.SDD.TPS:DSD_LFS@DF_IALFS_UNE_M(1.0),,I,AUS,,UNE_LF_M,,PT_LF_SUB,,_Z,,Y,,_T,,Y_GE15,,_Z,,M,,2025-07,,4.253795,,,,A,,0,,1,
DATAFLOW,OECD.SDD.TPS:DSD_LFS@DF_IALFS_UNE_M(1.0),,I,AUS,,UNE_LF_M,,PT_LF_SUB,,_Z,,Y,,_T,,Y_GE15,,_Z,,M,,2025-08,,4.252879,,,,A,,0,,1,
DATAFLOW,OECD.SDD.TPS:DSD_LFS@DF_IALFS_UNE_M(1.0),,I,AUS,,UNE_LF_M,,PT_LF_SUB,,_Z,,Y,,_T,,Y_GE15,,_Z,,M,,2025-09,,4.454046,,,,A,,0,,1,
DATAFLOW,OECD.SDD.TPS:DSD_LFS@DF_IALFS_UNE_M(1.0),,I,AUS,,UNE_LF_M,,PT_LF_SUB,,_Z,,Y,,_T,,Y_GE15,,_Z,,M,,2025-10,,4.333151,,,,A,,0,,1,
DATAFLOW,OECD.SDD.TPS:DSD_LFS@DF_IALFS_UNE_M(1.0),,I,AUS,,UNE_LF_M,,PT_LF_SUB,,_Z,,Y,,_T,,Y_GE15,,_Z,,M,,2025-11,,4.317995,,,,A,,0,,1,
DATAFLOW,OECD.SDD.TPS:DSD_LFS@DF_IALFS_UNE_M(1.0),,I,AUS,,UNE_LF_M,,PT_LF_SUB,,_Z,,Y,,_T,,Y_GE15,,_Z,,M,,2025-12,,4.113863,,,,A,,0,,1,
DATAFLOW,OECD.SDD.TPS:DSD_LFS@DF_IALFS_UNE_M(1.0),,I,AUS,,UNE_LF_M,,PT_LF_SUB,,_Z,,Y,,_T,,Y_GE15,,_Z,,M,,2026-01,,4.073268,,,,A,,0,,1,
DATAFLOW,OECD.SDD.TPS:DSD_LFS@DF_IALFS_UNE_M(1.0),,I,AUS,,UNE_LF_M,,PT_LF_SUB,,_Z,,Y,,_T,,Y_GE15,,_Z,,M,,2026-02,,4.277978,,,,A,,0,,1,
DATAFLOW,OECD.SDD.TPS:DSD_LFS@DF_IALFS_UNE_M(1.0),,I,OECD,,UNE_LF_M,,PT_LF_SUB,,_Z,,Y,,_T,,Y_GE15,,_Z,,M,,2025-02,,4.90235,,,,E,,0,,1,
DATAFLOW,OECD.SDD.TPS:DSD_LFS@DF_IALFS_UNE_M(1.0),,I,OECD,,UNE_LF_M,,PT_LF_SUB,,_Z,,Y,,_T,,Y_GE15,,_Z,,M,,2025-03,,4.931684,,,,E,,0,,1,
DATAFLOW,OECD.SDD.TPS:DSD_LFS@DF_IALFS_UNE_M(1.0),,I,OECD,,UNE_LF_M,,PT_LF_SUB,,_Z,,Y,,_T,,Y_GE15,,_Z,,M,,2025-04,,4.941277,,,,E,,0,,1,
DATAFLOW,OECD.SDD.TPS:DSD_LFS@DF_IALFS_UNE_M(1.0),,I,OECD,,UNE_LF_M,,PT_LF_SUB,,_Z,,Y,,_T,,Y_GE15,,_Z,,M,,2025-05,,4.969897,,,,E,,0,,1,
DATAFLOW,OECD.SDD.TPS:DSD_LFS@DF_IALFS_UNE_M(1.0),,I,OECD,,UNE_LF_M,,PT_LF_SUB,,_Z,,Y,,_T,,Y_GE15,,_Z,,M,,2025-06,,4.943877,,,,E,,0,,1,
DATAFLOW,OECD.SDD.TPS:DSD_LFS@DF_IALFS_UNE_M(1.0),,I,OECD,,UNE_LF_M,,PT_LF_SUB,,_Z,,Y,,_T,,Y_GE15,,_Z,,M,,2025-07,,4.937553,,,,E,,0,,1,
DATAFLOW,OECD.SDD.TPS:DSD_LFS@DF_IALFS_UNE_M(1.0),,I,OECD,,UNE_LF_M,,PT_LF_SUB,,_Z,,Y,,_T,,Y_GE15,,_Z,,M,,2025-08,,5.012761,,,,E,,0,,1,
DATAFLOW,OECD.SDD.TPS:DSD_LFS@DF_IALFS_UNE_M(1.0),,I,OECD,,UNE_LF_M,,PT_LF_SUB,,_Z,,Y,,_T,,Y_GE15,,_Z,,M,,2025-09,,5.050971,,,,E,,0,,1,
DATAFLOW,OECD.SDD.TPS:DSD_LFS@DF_IALFS_UNE_M(1.0),,I,OECD,,UNE_LF_M,,PT_LF_SUB,,_Z,,Y,,_T,,Y_GE15,,_Z,,M,,2025-11,,5.045475,,,,E,,0,,1,
DATAFLOW,OECD.SDD.TPS:DSD_LFS@DF_IALFS_UNE_M(1.0),,I,OECD,,UNE_LF_M,,PT_LF_SUB,,_Z,,Y,,_T,,Y_GE15,,_Z,,M,,2025-12,,4.987538,,,,E,,0,,1,
DATAFLOW,OECD.SDD.TPS:DSD_LFS@DF_IALFS_UNE_M(1.0),,I,OECD,,UNE_LF_M,,PT_LF_SUB,,_Z,,Y,,_T,,Y_GE15,,_Z,,M,,2026-01,,4.955279,,,,E,,0,,1,
DATAFLOW,OECD.SDD.TPS:DSD_LFS@DF_IALFS_UNE_M(1.0),,I,G7,,UNE_LF_M,,PT_LF_SUB,,_Z,,Y,,_T,,Y_GE15,,_Z,,M,,2025-12,,4.582747,,,,E,,0,,1,
DATAFLOW,OECD.SDD.TPS:DSD_LFS@DF_IALFS_UNE_M(1.0),,I,G7,,UNE_LF_M,,PT_LF_SUB,,_Z,,Y,,_T,,Y_GE15,,_Z,,M,,2026-01,,4.52335,,,,E,,0,,1,
DATAFLOW,OECD.SDD.TPS:DSD_LFS@DF_IALFS_UNE_M(1.0),,I,G7,,UNE_LF_M,,PT_LF_SUB,,_Z,,Y,,_T,,Y_GE15,,_Z,,M,,2025-02,,4.36439,,,,E,,0,,1,
DATAFLOW,OECD.SDD.TPS:DSD_LFS@DF_IALFS_UNE_M(1.0),,I,G7,,UNE_LF_M,,PT_LF_SUB,,_Z,,Y,,_T,,Y_GE15,,_Z,,M,,2025-03,,4.40715,,,,E,,0,,1,
DATAFLOW,OECD.SDD.TPS:DSD_LFS@DF_IALFS_UNE_M(1.0),,I,G7,,UNE_LF_M,,PT_LF_SUB,,_Z,,Y,,_T,,Y_GE15,,_Z,,M,,2025-04,,4.420918,,,,E,,0,,1,
DATAFLOW,OECD.SDD.TPS:DSD_LFS@DF_IALFS_UNE_M(1.0),,I,G7,,UNE_LF_M,,PT_LF_SUB,,_Z,,Y,,_T,,Y_GE15,,_Z,,M,,2025-05,,4.477324,,,,E,,0,,1,
DATAFLOW,OECD.SDD.TPS:DSD_LFS@DF_IALFS_UNE_M(1.0),,I,G7,,UNE_LF_M,,PT_LF_SUB,,_Z,,Y,,_T,,Y_GE15,,_Z,,M,,2025-06,,4.418953,,,,E,,0,,1,
DATAFLOW,OECD.SDD.TPS:DSD_LFS@DF_IALFS_UNE_M(1.0),,I,G7,,UNE_LF_M,,PT_LF_SUB,,_Z,,Y,,_T,,Y_GE15,,_Z,,M,,2025-07,,4.468902,,,,E,,0,,1,
DATAFLOW,OECD.SDD.TPS:DSD_LFS@DF_IALFS_UNE_M(1.0),,I,G7,,UNE_LF_M,,PT_LF_SUB,,_Z,,Y,,_T,,Y_GE15,,_Z,,M,,2025-08,,4.536028,,,,E,,0,,1,
DATAFLOW,OECD.SDD.TPS:DSD_LFS@DF_IALFS_UNE_M(1.0),,I,G7,,UNE_LF_M,,PT_LF_SUB,,_Z,,Y,,_T,,Y_GE15,,_Z,,M,,2025-09,,4.614369,,,,E,,0,,1,
DATAFLOW,OECD.SDD.TPS:DSD_LFS@DF_IALFS_UNE_M(1.0),,I,G7,,UNE_LF_M,,PT_LF_SUB,,_Z,,Y,,_T,,Y_GE15,,_Z,,M,,2025-11,,4.630243,,,,E,,0,,1,
