STRUCTURE,STRUCTURE_ID,STRUCTURE_NAME,ACTION,FREQ,,ADJUSTMENT,,REF_AREA,,SECTOR,,COUNTERPART_SECTOR,,TRANSACTION,,INSTR_ASSET,,ACTIVITY,,EXPENDITURE,,UNIT_MEASURE,,PRICE_BASE,,TRANSFORMATION,,TABLE_IDENTIFIER,,TIME_PERIOD,,OBS_VALUE,,REF_YEAR_PRICE,,BASE_PER,,CONF_STATUS,,DECIMALS,,OBS_STATUS,,UNIT_MULT,,CURRENCY,
DATAFLOW,OECD.SDD.NAD:DSD_NAMAIN1@DF_QNA_EXPENDITURE_CAPITA(1.1),,I,Q,,Y,,HUN,,S1,,S1,,B1GQ_POP,,_Z,,_Z,,_Z,,USD_PPP_PS,,V,,LA,,T0102,,2025-Q2,,49968.1,,,,,,F,,1,,P,,0,,USD,
DATAFLOW,OECD.SDD.NAD:DSD_NAMAIN1@DF_QNA_EXPENDITURE_CAPITA(1.1),,I,Q,,Y,,AUS,,S1,,S1,,B1GQ_POP,,_Z,,_Z,,_Z,,USD_PPP_PS,,LR,,LA,,T0102,,2025-Q2,,57802.9,,2020,,,,F,,1,,A,,0,,USD,
DATAFLOW,OECD.SDD.NAD:DSD_NAMAIN1@DF_QNA_EXPENDITURE_CAPITA(1.1),,I,Q,,Y,,AUS,,S1,,S1,,B1GQ_POP,,_Z,,_Z,,_Z,,USD_PPP_PS,,LR,,LA,,T0102,,2024-Q4,,57541.4,,2020,,,,F,,1,,A,,0,,USD,
DATAFLOW,OECD.SDD.NAD:DSD_NAMAIN1@DF_QNA_EXPENDITURE_CAPITA(1.1),,I,Q,,Y,,POL,,S1,,S1,,B1GQ_POP,,_Z,,_Z,,_Z,,USD_PPP_PS,,V,,LA,,T0102,,2025-Q4,,54804,,,,,,F,,1,,P,,0,,USD,
DATAFLOW,OECD.SDD.NAD:DSD_NAMAIN1@DF_QNA_EXPENDITURE_CAPITA(1.1),,I,Q,,Y,,AUT,,S1,,S1,,B1GQ_POP,,_Z,,_Z,,_Z,,USD_PPP_PS,,V,,LA,,T0102,,2025-Q4,,78309.9,,,,,,F,,1,,A,,0,,USD,
DATAFLOW,OECD.SDD.NAD:DSD_NAMAIN1@DF_QNA_EXPENDITURE_CAPITA(1.1),,I,Q,,Y,,AUT,,S1,,S1,,B1GQ_POP,,_Z,,_Z,,_Z,,USD_PPP_PS,,V,,LA,,T0102,,2025-Q3,,77691,,,,,,F,,1,,A,,0,,USD,
DATAFLOW,OECD.SDD.NAD:DSD_NAMAIN1@DF_QNA_EXPENDITURE_CAPITA(1.1),,I,Q,,Y,,AUT,,S1,,S1,,B1GQ_POP,,_Z,,_Z,,_Z,,USD_PPP_PS,,V,,LA,,T0102,,2025-Q2,,76963.7,,,,,,F,,1,,A,,0,,USD,
DATAFLOW,OECD.SDD.NAD:DSD_NAMAIN1@DF_QNA_EXPENDITURE_CAPITA(1.1),,I,Q,,Y,,AUT,,S1,,S1,,B1GQ_POP,,_Z,,_Z,,_Z,,USD_PPP_PS,,V,,LA,,T0102,,2025-Q1,,76803.3,,,,,,F,,1,,A,,0,,USD,
DATAFLOW,OECD.SDD.NAD:DSD_NAMAIN1@DF_QNA_EXPENDITURE_CAPITA(1.1),,I,Q,,Y,,AUS,,S1,,S1,,B1GQ_POP,,_Z,,_Z,,_Z,,USD_PPP_PS,,V,,LA,,T0102,,2025-Q1,,74240.3,,,,,,F,,1,,A,,0,,USD,
DATAFLOW,OECD.SDD.NAD:DSD_NAMAIN1@DF_QNA_EXPENDITURE_CAPITA(1.1),,I,Q,,Y,,AUS,,S1,,S1,,B1GQ_POP,,_Z,,_Z,,_Z,,USD_PPP_PS,,LR,,LA,,T0102,,2025-Q1,,57487.7,,2020,,,,F,,1,,A,,0,,USD,
DATAFLOW,OECD.SDD.NAD:DSD_NAMAIN1@DF_QNA_EXPENDITURE_CAPITA(1.1),,I,Q,,Y,,AUS,,S1,,S1,,B1GQ_POP,,_Z,,_Z,,_Z,,USD_PPP_PS,,V,,LA,,T0102,,2024-Q4,,73499.6,,,,,,F,,1,,A,,0,,USD,
DATAFLOW,OECD.SDD.NAD:DSD_NAMAIN1@DF_QNA_EXPENDITURE_CAPITA(1.1),,I,Q,,Y,,ZAF,,S1,,S1,,B1GQ_POP,,_Z,,_Z,,_Z,,USD_PPP_PS,,V,,LA,,T0102,,2025-Q1,,16440.8,,,,,,F,,1,,A,,0,,USD,
DATAFLOW,OECD.SDD.NAD:DSD_NAMAIN1@DF_QNA_EXPENDITURE_CAPITA(1.1),,I,Q,,Y,,CHL,,S1,,S1,,B1GQ_POP,,_Z,,_Z,,_Z,,USD_PPP_PS,,V,,LA,,T0102,,2025-Q3,,37245.6,,,,,,F,,1,,A,,0,,USD,
DATAFLOW,OECD.SDD.NAD:DSD_NAMAIN1@DF_QNA_EXPENDITURE_CAPITA(1.1),,I,Q,,Y,,CHL,,S1,,S1,,B1GQ_POP,,_Z,,_Z,,_Z,,USD_PPP_PS,,V,,LA,,T0102,,2025-Q2,,37043.8,,,,,,F,,1,,A,,0,,USD,
DATAFLOW,OECD.SDD.NAD:DSD_NAMAIN1@DF_QNA_EXPENDITURE_CAPITA(1.1),,I,Q,,Y,,CHL,,S1,,S1,,B1GQ_POP,,_Z,,_Z,,_Z,,USD_PPP_PS,,V,,LA,,T0102,,2025-Q1,,36604.6,,,,,,F,,1,,A,,0,,USD,
DATAFLOW,OECD.SDD.NAD:DSD_NAMAIN1@DF_QNA_EXPENDITURE_CAPITA(1.1),,I,Q,,Y,,CHL,,S1,,S1,,B1GQ_POP,,_Z,,_Z,,_Z,,USD_PPP_PS,,LR,,LA,,T0102,,2025-Q1,,29272,,2020,,,,F,,1,,A,,0,,USD,
DATAFLOW,OECD.SDD.NAD:DSD_NAMAIN1@DF_QNA_EXPENDITURE_CAPITA(1.1),,I,Q,,Y,,CHL,,S1,,S1,,B1GQ_POP,,_Z,,_Z,,_Z,,USD_PPP_PS,,LR,,LA,,T0102,,2024-Q4,,29068.5,,2020,,,,F,,1,,A,,0,,USD,
DATAFLOW,OECD.SDD.NAD:DSD_NAMAIN1@DF_QNA_EXPENDITURE_CAPITA(1.1),,I,Q,,Y,,AUS,,S1,,S1,,B1GQ_POP,,_Z,,_Z,,_Z,,USD_PPP_PS,,LR,,LA,,T0102,,2025-Q3,,57839.5,,2020,,,,F,,1,,A,,0,,USD,
DATAFLOW,OECD.SDD.NAD:DSD_NAMAIN1@DF_QNA_EXPENDITURE_CAPITA(1.1),,I,Q,,Y,,CAN,,S1,,S1,,B1GQ_POP,,_Z,,_Z,,_Z,,USD_PPP_PS,,V,,LA,,T0102,,2025-Q1,,67234.7,,,,,,F,,1,,A,,0,,USD,
DATAFLOW,OECD.SDD.NAD:DSD_NAMAIN1@DF_QNA_EXPENDITURE_CAPITA(1.1),,I,Q,,Y,,CAN,,S1,,S1,,B1GQ_POP,,_Z,,_Z,,_Z,,USD_PPP_PS,,V,,LA,,T0102,,2024-Q4,,66384.6,,,,,,F,,1,,A,,0,,USD,
DATAFLOW,OECD.SDD.NAD:DSD_NAMAIN1@DF_QNA_EXPENDITURE_CAPITA(1.1),,I,Q,,Y,,CAN,,S1,,S1,,B1GQ_POP,,_Z,,_Z,,_Z,,USD_PPP_PS,,V,,LA,,T0102,,2025-Q4,,68960,,,,,,F,,1,,A,,0,,USD,
DATAFLOW,OECD.SDD.NAD:DSD_NAMAIN1@DF_QNA_EXPENDITURE_CAPITA(1.1),,I,Q,,Y,,CAN,,S1,,S1,,B1GQ_POP,,_Z,,_Z,,_Z,,USD_PPP_PS,,LR,,LA,,T0102,,2024-Q4,,51978,,2020,,,,F,,1,,A,,0,,USD,
DATAFLOW,OECD.SDD.NAD:DSD_NAMAIN1@DF_QNA_EXPENDITURE_CAPITA(1.1),,I,Q,,Y,,CAN,,S1,,S1,,B1GQ_POP,,_Z,,_Z,,_Z,,USD_PPP_PS,,LR,,LA,,T0102,,2025-Q4,,52250.1,,2020,,,,F,,1,,A,,0,,USD,
DATAFLOW,OECD.SDD.NAD:DSD_NAMAIN1@DF_QNA_EXPENDITURE_CAPITA(1.1),,I,Q,,Y,,CAN,,S1,,S1,,B1GQ_POP,,_Z,,_Z,,_Z,,USD_PPP_PS,,LR,,LA,,T0102,,2025-Q3,,52233.7,,2020,,,,F,,1,,A,,0,,USD,
DATAFLOW,OECD.SDD.NAD:DSD_NAMAIN1@DF_QNA_EXPENDITURE_CAPITA(1.1),,I,Q,,Y,,CAN,,S1,,S1,,B1GQ_POP,,_Z,,_Z,,_Z,,USD_PPP_PS,,LR,,LA,,T0102,,2025-Q2,,51985.6,,2020,,,,F,,1,,A,,0,,USD,
DATAFLOW,OECD.SDD.NAD:DSD_NAMAIN1@DF_QNA_EXPENDITURE_CAPITA(1.1),,I,Q,,Y,,AUT,,S1,,S1,,B1GQ_POP,,_Z,,_Z,,_Z,,USD_PPP_PS,,LR,,LA,,T0102,,2025-Q2,,62144.6,,2020,,,,F,,1,,A,,0,,USD,
DATAFLOW,OECD.SDD.NAD:DSD_NAMAIN1@DF_QNA_EXPENDITURE_CAPITA(1.1),,I,Q,,Y,,AUT,,S1,,S1,,B1GQ_POP,,_Z,,_Z,,_Z,,USD_PPP_PS,,LR,,LA,,T0102,,2025-Q1,,62125.2,,2020,,,,F,,1,,A,,0,,USD,
DATAFLOW,OECD.SDD.NAD:DSD_NAMAIN1@DF_QNA_EXPENDITURE_CAPITA(1.1),,I,Q,,Y,,AUS,,S1,,S1,,B1GQ_POP,,_Z,,_Z,,_Z,,USD_PPP_PS,,V,,LA,,T0102,,2025-Q3,,75966.5,,,,,,F,,1,,A,,0,,USD,
DATAFLOW,OECD.SDD.NAD:DSD_NAMAIN1@DF_QNA_EXPENDITURE_CAPITA(1.1),,I,Q,,Y,,BGR,,S1,,S1,,B1GQ_POP,,_Z,,_Z,,_Z,,USD_PPP_PS,,V,,LA,,T0102,,2024-Q4,,43168.4,,,,,,F,,1,,A,,0,,USD,
DATAFLOW,OECD.SDD.NAD:DSD_NAMAIN1@DF_QNA_EXPENDITURE_CAPITA(1.1),,I,Q,,Y,,EST,,S1,,S1,,B1GQ_POP,,_Z,,_Z,,_Z,,USD_PPP_PS,,LR,,LA,,T0102,,2025-Q2,,41259.3,,2020,,,,F,,1,,A,,0,,USD,
DATAFLOW,OECD.SDD.NAD:DSD_NAMAIN1@DF_QNA_EXPENDITURE_CAPITA(1.1),,I,Q,,Y,,EST,,S1,,S1,,B1GQ_POP,,_Z,,_Z,,_Z,,USD_PPP_PS,,LR,,LA,,T0102,,2025-Q1,,40945,,2020,,,,F,,1,,A,,0,,USD,
DATAFLOW,OECD.SDD.NAD:DSD_NAMAIN1@DF_QNA_EXPENDITURE_CAPITA(1.1),,I,Q,,Y,,EST,,S1,,S1,,B1GQ_POP,,_Z,,_Z,,_Z,,USD_PPP_PS,,LR,,LA,,T0102,,2024-Q4,,40866.2,,2020,,,,F,,1,,A,,0,,USD,
DATAFLOW,OECD.SDD.NAD:DSD_NAMAIN1@DF_QNA_EXPENDITURE_CAPITA(1.1),,I,Q,,Y,,AUT,,S1,,S1,,B1GQ_POP,,_Z,,_Z,,_Z,,USD_PPP_PS,,LR,,LA,,T0102,,2024-Q4,,61985,,2020,,,,F,,1,,A,,0,,USD,
DATAFLOW,OECD.SDD.NAD:DSD_NAMAIN1@DF_QNA_EXPENDITURE_CAPITA(1.1),,I,Q,,Y,,AUT,,S1,,S1,,B1GQ_POP,,_Z,,_Z,,_Z,,USD_PPP_PS,,LR,,LA,,T0102,,2025-Q4,,62241.4,,2020,,,,F,,1,,A,,0,,USD,
DATAFLOW,OECD.SDD.NAD:DSD_NAMAIN1@DF_QNA_EXPENDITURE_CAPITA(1.1),,I,Q,,Y,,DNK,,S1,,S1,,B1GQ_POP,,_Z,,_Z,,_Z,,USD_PPP_PS,,V,,LA,,T0102,,2025-Q4,,85787.8,,,,,,F,,1,,A,,0,,USD,
DATAFLOW,OECD.SDD.NAD:DSD_NAMAIN1@DF_QNA_EXPENDITURE_CAPITA(1.1),,I,Q,,Y,,DNK,,S1,,S1,,B1GQ_POP,,_Z,,_Z,,_Z,,USD_PPP_PS,,V,,LA,,T0102,,2024-Q4,,83032.6,,,,,,F,,1,,A,,0,,USD,
DATAFLOW,OECD.SDD.NAD:DSD_NAMAIN1@DF_QNA_EXPENDITURE_CAPITA(1.1),,I,Q,,Y,,DNK,,S1,,S1,,B1GQ_POP,,_Z,,_Z,,_Z,,USD_PPP_PS,,LR,,LA,,T0102,,2025-Q4,,70749.4,,2020,,,,F,,1,,A,,0,,USD,
DATAFLOW,OECD.SDD.NAD:DSD_NAMAIN1@DF_QNA_EXPENDITURE_CAPITA(1.1),,I,Q,,Y,,DNK,,S1,,S1,,B1GQ_POP,,_Z,,_Z,,_Z,,USD_PPP_PS,,LR,,LA,,T0102,,2025-Q3,,70682.8,,2020,,,,F,,1,,A,,0,,USD,
DATAFLOW,OECD.SDD.NAD:DSD_NAMAIN1@DF_QNA_EXPENDITURE_CAPITA(1.1),,I,Q,,Y,,DNK,,S1,,S1,,B1GQ_POP,,_Z,,_Z,,_Z,,USD_PPP_PS,,LR,,LA,,T0102,,2024-Q4,,68978.8,,2020,,,,F,,1,,A,,0,,USD,
DATAFLOW,OECD.SDD.NAD:DSD_NAMAIN1@DF_QNA_EXPENDITURE_CAPITA(1.1),,I,Q,,Y,,DNK,,S1,,S1,,B1GQ_POP,,_Z,,_Z,,_Z,,USD_PPP_PS,,V,,LA,,T0102,,2025-Q1,,81821.5,,,,,,F,,1,,A,,0,,USD,
DATAFLOW,OECD.SDD.NAD:DSD_NAMAIN1@DF_QNA_EXPENDITURE_CAPITA(1.1),,I,Q,,Y,,CZE,,S1,,S1,,B1GQ_POP,,_Z,,_Z,,_Z,,USD_PPP_PS,,V,,LA,,T0102,,2024-Q4,,58495,,,,,,F,,1,,A,,0,,USD,
DATAFLOW,OECD.SDD.NAD:DSD_NAMAIN1@DF_QNA_EXPENDITURE_CAPITA(1.1),,I,Q,,Y,,CZE,,S1,,S1,,B1GQ_POP,,_Z,,_Z,,_Z,,USD_PPP_PS,,LR,,LA,,T0102,,2024-Q4,,48133.8,,2020,,,,F,,1,,A,,0,,USD,
DATAFLOW,OECD.SDD.NAD:DSD_NAMAIN1@DF_QNA_EXPENDITURE_CAPITA(1.1),,I,Q,,Y,,CZE,,S1,,S1,,B1GQ_POP,,_Z,,_Z,,_Z,,USD_PPP_PS,,V,,LA,,T0102,,2025-Q2,,60331.3,,,,,,F,,1,,A,,0,,USD,
DATAFLOW,OECD.SDD.NAD:DSD_NAMAIN1@DF_QNA_EXPENDITURE_CAPITA(1.1),,I,Q,,Y,,CZE,,S1,,S1,,B1GQ_POP,,_Z,,_Z,,_Z,,USD_PPP_PS,,V,,LA,,T0102,,2025-Q4,,62575.8,,,,,,F,,1,,A,,0,,USD,
DATAFLOW,OECD.SDD.NAD:DSD_NAMAIN1@DF_QNA_EXPENDITURE_CAPITA(1.1),,I,Q,,Y,,CZE,,S1,,S1,,B1GQ_POP,,_Z,,_Z,,_Z,,USD_PPP_PS,,V,,LA,,T0102,,2025-Q3,,61330.2,,,,,,F,,1,,A,,0,,USD,
DATAFLOW,OECD.SDD.NAD:DSD_NAMAIN1@DF_QNA_EXPENDITURE_CAPITA(1.1),,I,Q,,Y,,CZE,,S1,,S1,,B1GQ_POP,,_Z,,_Z,,_Z,,USD_PPP_PS,,LR,,LA,,T0102,,2025-Q2,,48784.5,,2020,,,,F,,1,,A,,0,,USD,
DATAFLOW,OECD.SDD.NAD:DSD_NAMAIN1@DF_QNA_EXPENDITURE_CAPITA(1.1),,I,Q,,Y,,CZE,,S1,,S1,,B1GQ_POP,,_Z,,_Z,,_Z,,USD_PPP_PS,,LR,,LA,,T0102,,2025-Q4,,49562.6,,2020,,,,F,,1,,A,,0,,USD,
DATAFLOW,OECD.SDD.NAD:DSD_NAMAIN1@DF_QNA_EXPENDITURE_CAPITA(1.1),,I,Q,,Y,,CZE,,S1,,S1,,B1GQ_POP,,_Z,,_Z,,_Z,,USD_PPP_PS,,LR,,LA,,T0102,,2025-Q3,,49142.4,,2020,,,,F,,1,,A,,0,,USD,
DATAFLOW,OECD.SDD.NAD:DSD_NAMAIN1@DF_QNA_EXPENDITURE_CAPITA(1.1),,I,Q,,Y,,CZE,,S1,,S1,,B1GQ_POP,,_Z,,_Z,,_Z,,USD_PPP_PS,,LR,,LA,,T0102,,2025-Q1,,48472.5,,2020,,,,F,,1,,A,,0,,USD,
DATAFLOW,OECD.SDD.NAD:DSD_NAMAIN1@DF_QNA_EXPENDITURE_CAPITA(1.1),,I,Q,,Y,,CRI,,S1,,S1,,B1GQ_POP,,_Z,,_Z,,_Z,,USD_PPP_PS,,V,,LA,,T0102,,2024-Q4,,31197.7,,,,,,F,,1,,A,,0,,USD,
DATAFLOW,OECD.SDD.NAD:DSD_NAMAIN1@DF_QNA_EXPENDITURE_CAPITA(1.1),,I,Q,,Y,,CRI,,S1,,S1,,B1GQ_POP,,_Z,,_Z,,_Z,,USD_PPP_PS,,LR,,LA,,T0102,,2025-Q2,,27207,,2020,,,,F,,1,,A,,0,,USD,
DATAFLOW,OECD.SDD.NAD:DSD_NAMAIN1@DF_QNA_EXPENDITURE_CAPITA(1.1),,I,Q,,Y,,CRI,,S1,,S1,,B1GQ_POP,,_Z,,_Z,,_Z,,USD_PPP_PS,,LR,,LA,,T0102,,2025-Q1,,26655.8,,2020,,,,F,,1,,A,,0,,USD,
DATAFLOW,OECD.SDD.NAD:DSD_NAMAIN1@DF_QNA_EXPENDITURE_CAPITA(1.1),,I,Q,,Y,,CRI,,S1,,S1,,B1GQ_POP,,_Z,,_Z,,_Z,,USD_PPP_PS,,V,,LA,,T0102,,2025-Q4,,33333.5,,,,,,F,,1,,A,,0,,USD,
DATAFLOW,OECD.SDD.NAD:DSD_NAMAIN1@DF_QNA_EXPENDITURE_CAPITA(1.1),,I,Q,,Y,,CRI,,S1,,S1,,B1GQ_POP,,_Z,,_Z,,_Z,,USD_PPP_PS,,V,,LA,,T0102,,2025-Q3,,32868.8,,,,,,F,,1,,A,,0,,USD,
DATAFLOW,OECD.SDD.NAD:DSD_NAMAIN1@DF_QNA_EXPENDITURE_CAPITA(1.1),,I,Q,,Y,,CRI,,S1,,S1,,B1GQ_POP,,_Z,,_Z,,_Z,,USD_PPP_PS,,LR,,LA,,T0102,,2025-Q4,,27543.1,,2020,,,,F,,1,,A,,0,,USD,
DATAFLOW,OECD.SDD.NAD:DSD_NAMAIN1@DF_QNA_EXPENDITURE_CAPITA(1.1),,I,Q,,Y,,CRI,,S1,,S1,,B1GQ_POP,,_Z,,_Z,,_Z,,USD_PPP_PS,,LR,,LA,,T0102,,2025-Q3,,27412.7,,2020,,,,F,,1,,A,,0,,USD,
DATAFLOW,OECD.SDD.NAD:DSD_NAMAIN1@DF_QNA_EXPENDITURE_CAPITA(1.1),,I,Q,,Y,,CRI,,S1,,S1,,B1GQ_POP,,_Z,,_Z,,_Z,,USD_PPP_PS,,LR,,LA,,T0102,,2024-Q4,,26581.8,,2020,,,,F,,1,,A,,0,,USD,
DATAFLOW,OECD.SDD.NAD:DSD_NAMAIN1@DF_QNA_EXPENDITURE_CAPITA(1.1),,I,Q,,Y,,CRI,,S1,,S1,,B1GQ_POP,,_Z,,_Z,,_Z,,USD_PPP_PS,,V,,LA,,T0102,,2025-Q2,,32341.6,,,,,,F,,1,,A,,0,,USD,
DATAFLOW,OECD.SDD.NAD:DSD_NAMAIN1@DF_QNA_EXPENDITURE_CAPITA(1.1),,I,Q,,Y,,COL,,S1,,S1,,B1GQ_POP,,_Z,,_Z,,_Z,,USD_PPP_PS,,LR,,LA,,T0102,,2025-Q1,,18748.4,,2020,,,,F,,1,,A,,0,,USD,
DATAFLOW,OECD.SDD.NAD:DSD_NAMAIN1@DF_QNA_EXPENDITURE_CAPITA(1.1),,I,Q,,Y,,COL,,S1,,S1,,B1GQ_POP,,_Z,,_Z,,_Z,,USD_PPP_PS,,LR,,LA,,T0102,,2024-Q4,,18707.7,,2020,,,,F,,1,,A,,0,,USD,
DATAFLOW,OECD.SDD.NAD:DSD_NAMAIN1@DF_QNA_EXPENDITURE_CAPITA(1.1),,I,Q,,Y,,COL,,S1,,S1,,B1GQ_POP,,_Z,,_Z,,_Z,,USD_PPP_PS,,LR,,LA,,T0102,,2025-Q3,,18960.6,,2020,,,,F,,1,,A,,0,,USD,
DATAFLOW,OECD.SDD.NAD:DSD_NAMAIN1@DF_QNA_EXPENDITURE_CAPITA(1.1),,I,Q,,Y,,COL,,S1,,S1,,B1GQ_POP,,_Z,,_Z,,_Z,,USD_PPP_PS,,V,,LA,,T0102,,2025-Q3,,24261.5,,,,,,F,,1,,A,,0,,USD,
DATAFLOW,OECD.SDD.NAD:DSD_NAMAIN1@DF_QNA_EXPENDITURE_CAPITA(1.1),,I,Q,,Y,,COL,,S1,,S1,,B1GQ_POP,,_Z,,_Z,,_Z,,USD_PPP_PS,,V,,LA,,T0102,,2025-Q2,,23817.5,,,,,,F,,1,,A,,0,,USD,
DATAFLOW,OECD.SDD.NAD:DSD_NAMAIN1@DF_QNA_EXPENDITURE_CAPITA(1.1),,I,Q,,Y,,COL,,S1,,S1,,B1GQ_POP,,_Z,,_Z,,_Z,,USD_PPP_PS,,V,,LA,,T0102,,2025-Q1,,23721.6,,,,,,F,,1,,A,,0,,USD,
DATAFLOW,OECD.SDD.NAD:DSD_NAMAIN1@DF_QNA_EXPENDITURE_CAPITA(1.1),,I,Q,,Y,,G7,,S1,,S1,,B1GQ_POP,,_Z,,_Z,,_Z,,USD_PPP_PS,,LR,,LA,,T0102,,2025-Q4,,62541.9,,2020,,,,F,,1,,A,,0,,USD,
DATAFLOW,OECD.SDD.NAD:DSD_NAMAIN1@DF_QNA_EXPENDITURE_CAPITA(1.1),,I,Q,,Y,,CHL,,S1,,S1,,B1GQ_POP,,_Z,,_Z,,_Z,,USD_PPP_PS,,V,,LA,,T0102,,2025-Q4,,37856.5,,,,,,F,,1,,A,,0,,USD,
DATAFLOW,OECD.SDD.NAD:DSD_NAMAIN1@DF_QNA_EXPENDITURE_CAPITA(1.1),,I,Q,,Y,,NOR,,S1,,S1,,B1GQ_POP,,_Z,,_Z,,_Z,,USD_PPP_PS,,V,,LA,,T0102,,2025-Q4,,106130.7,,,,,,F,,1,,A,,0,,USD,
DATAFLOW,OECD.SDD.NAD:DSD_NAMAIN1@DF_QNA_EXPENDITURE_CAPITA(1.1),,I,Q,,Y,,NOR,,S1,,S1,,B1GQ_POP,,_Z,,_Z,,_Z,,USD_PPP_PS,,LR,,LA,,T0102,,2024-Q4,,73891,,2020,,,,F,,1,,A,,0,,USD,
DATAFLOW,OECD.SDD.NAD:DSD_NAMAIN1@DF_QNA_EXPENDITURE_CAPITA(1.1),,I,Q,,Y,,NOR,,S1,,S1,,B1GQ_POP,,_Z,,_Z,,_Z,,USD_PPP_PS,,LR,,LA,,T0102,,2025-Q4,,75037.9,,2020,,,,F,,1,,A,,0,,USD,
DATAFLOW,OECD.SDD.NAD:DSD_NAMAIN1@DF_QNA_EXPENDITURE_CAPITA(1.1),,I,Q,,Y,,NOR,,S1,,S1,,B1GQ_POP,,_Z,,_Z,,_Z,,USD_PPP_PS,,LR,,LA,,T0102,,2025-Q1,,73949.2,,2020,,,,F,,1,,A,,0,,USD,
DATAFLOW,OECD.SDD.NAD:DSD_NAMAIN1@DF_QNA_EXPENDITURE_CAPITA(1.1),,I,Q,,Y,,NOR,,S1,,S1,,B1GQ_POP,,_Z,,_Z,,_Z,,USD_PPP_PS,,LR,,LA,,T0102,,2025-Q3,,75422.7,,2020,,,,F,,1,,A,,0,,USD,
DATAFLOW,OECD.SDD.NAD:DSD_NAMAIN1@DF_QNA_EXPENDITURE_CAPITA(1.1),,I,Q,,Y,,NOR,,S1,,S1,,B1GQ_POP,,_Z,,_Z,,_Z,,USD_PPP_PS,,V,,LA,,T0102,,2025-Q3,,108371.9,,,,,,F,,1,,A,,0,,USD,
DATAFLOW,OECD.SDD.NAD:DSD_NAMAIN1@DF_QNA_EXPENDITURE_CAPITA(1.1),,I,Q,,Y,,NOR,,S1,,S1,,B1GQ_POP,,_Z,,_Z,,_Z,,USD_PPP_PS,,V,,LA,,T0102,,2025-Q2,,109629.7,,,,,,F,,1,,A,,0,,USD,
DATAFLOW,OECD.SDD.NAD:DSD_NAMAIN1@DF_QNA_EXPENDITURE_CAPITA(1.1),,I,Q,,Y,,NOR,,S1,,S1,,B1GQ_POP,,_Z,,_Z,,_Z,,USD_PPP_PS,,V,,LA,,T0102,,2025-Q1,,113121.5,,,,,,F,,1,,A,,0,,USD,
DATAFLOW,OECD.SDD.NAD:DSD_NAMAIN1@DF_QNA_EXPENDITURE_CAPITA(1.1),,I,Q,,Y,,NZL,,S1,,S1,,B1GQ_POP,,_Z,,_Z,,_Z,,USD_PPP_PS,,V,,LA,,T0102,,2025-Q3,,56925.5,,,,,,F,,1,,A,,0,,USD,
DATAFLOW,OECD.SDD.NAD:DSD_NAMAIN1@DF_QNA_EXPENDITURE_CAPITA(1.1),,I,Q,,Y,,NZL,,S1,,S1,,B1GQ_POP,,_Z,,_Z,,_Z,,USD_PPP_PS,,V,,LA,,T0102,,2025-Q2,,56037.7,,,,,,F,,1,,A,,0,,USD,
DATAFLOW,OECD.SDD.NAD:DSD_NAMAIN1@DF_QNA_EXPENDITURE_CAPITA(1.1),,I,Q,,Y,,NZL,,S1,,S1,,B1GQ_POP,,_Z,,_Z,,_Z,,USD_PPP_PS,,V,,LA,,T0102,,2025-Q1,,56231.9,,,,,,F,,1,,A,,0,,USD,
DATAFLOW,OECD.SDD.NAD:DSD_NAMAIN1@DF_QNA_EXPENDITURE_CAPITA(1.1),,I,Q,,Y,,NZL,,S1,,S1,,B1GQ_POP,,_Z,,_Z,,_Z,,USD_PPP_PS,,V,,LA,,T0102,,2024-Q4,,55309.3,,,,,,F,,1,,A,,0,,USD,
DATAFLOW,OECD.SDD.NAD:DSD_NAMAIN1@DF_QNA_EXPENDITURE_CAPITA(1.1),,I,Q,,Y,,NZL,,S1,,S1,,B1GQ_POP,,_Z,,_Z,,_Z,,USD_PPP_PS,,LR,,LA,,T0102,,2025-Q1,,47811,,2020,,,,F,,1,,A,,0,,USD,
DATAFLOW,OECD.SDD.NAD:DSD_NAMAIN1@DF_QNA_EXPENDITURE_CAPITA(1.1),,I,Q,,Y,,NZL,,S1,,S1,,B1GQ_POP,,_Z,,_Z,,_Z,,USD_PPP_PS,,LR,,LA,,T0102,,2025-Q2,,47438.8,,2020,,,,F,,1,,A,,0,,USD,
DATAFLOW,OECD.SDD.NAD:DSD_NAMAIN1@DF_QNA_EXPENDITURE_CAPITA(1.1),,I,Q,,Y,,NZL,,S1,,S1,,B1GQ_POP,,_Z,,_Z,,_Z,,USD_PPP_PS,,LR,,LA,,T0102,,2025-Q4,,47735.4,,2020,,,,F,,1,,A,,0,,USD,
DATAFLOW,OECD.SDD.NAD:DSD_NAMAIN1@DF_QNA_EXPENDITURE_CAPITA(1.1),,I,Q,,Y,,NZL,,S1,,S1,,B1GQ_POP,,_Z,,_Z,,_Z,,USD_PPP_PS,,LR,,LA,,T0102,,2025-Q3,,47797.6,,2020,,,,F,,1,,A,,0,,USD,
DATAFLOW,OECD.SDD.NAD:DSD_NAMAIN1@DF_QNA_EXPENDITURE_CAPITA(1.1),,I,Q,,Y,,NZL,,S1,,S1,,B1GQ_POP,,_Z,,_Z,,_Z,,USD_PPP_PS,,LR,,LA,,T0102,,2024-Q4,,47365.6,,2020,,,,F,,1,,A,,0,,USD,
DATAFLOW,OECD.SDD.NAD:DSD_NAMAIN1@DF_QNA_EXPENDITURE_CAPITA(1.1),,I,Q,,Y,,LUX,,S1,,S1,,B1GQ_POP,,_Z,,_Z,,_Z,,USD_PPP_PS,,LR,,LA,,T0102,,2024-Q4,,118736.6,,2020,,,,F,,1,,A,,0,,USD,
DATAFLOW,OECD.SDD.NAD:DSD_NAMAIN1@DF_QNA_EXPENDITURE_CAPITA(1.1),,I,Q,,Y,,LTU,,S1,,S1,,B1GQ_POP,,_Z,,_Z,,_Z,,USD_PPP_PS,,V,,LA,,T0102,,2025-Q1,,57018.8,,,,,,F,,1,,A,,0,,USD,
DATAFLOW,OECD.SDD.NAD:DSD_NAMAIN1@DF_QNA_EXPENDITURE_CAPITA(1.1),,I,Q,,Y,,LTU,,S1,,S1,,B1GQ_POP,,_Z,,_Z,,_Z,,USD_PPP_PS,,V,,LA,,T0102,,2024-Q4,,56641.2,,,,,,F,,1,,A,,0,,USD,
DATAFLOW,OECD.SDD.NAD:DSD_NAMAIN1@DF_QNA_EXPENDITURE_CAPITA(1.1),,I,Q,,Y,,LTU,,S1,,S1,,B1GQ_POP,,_Z,,_Z,,_Z,,USD_PPP_PS,,V,,LA,,T0102,,2025-Q3,,57689.6,,,,,,F,,1,,A,,0,,USD,
DATAFLOW,OECD.SDD.NAD:DSD_NAMAIN1@DF_QNA_EXPENDITURE_CAPITA(1.1),,I,Q,,Y,,LTU,,S1,,S1,,B1GQ_POP,,_Z,,_Z,,_Z,,USD_PPP_PS,,LR,,LA,,T0102,,2025-Q3,,46589.2,,2020,,,,F,,1,,A,,0,,USD,
DATAFLOW,OECD.SDD.NAD:DSD_NAMAIN1@DF_QNA_EXPENDITURE_CAPITA(1.1),,I,Q,,Y,,LTU,,S1,,S1,,B1GQ_POP,,_Z,,_Z,,_Z,,USD_PPP_PS,,LR,,LA,,T0102,,2025-Q2,,46498.1,,2020,,,,F,,1,,A,,0,,USD,
DATAFLOW,OECD.SDD.NAD:DSD_NAMAIN1@DF_QNA_EXPENDITURE_CAPITA(1.1),,I,Q,,Y,,LTU,,S1,,S1,,B1GQ_POP,,_Z,,_Z,,_Z,,USD_PPP_PS,,LR,,LA,,T0102,,2025-Q1,,46191.7,,2020,,,,F,,1,,A,,0,,USD,
DATAFLOW,OECD.SDD.NAD:DSD_NAMAIN1@DF_QNA_EXPENDITURE_CAPITA(1.1),,I,Q,,Y,,LTU,,S1,,S1,,B1GQ_POP,,_Z,,_Z,,_Z,,USD_PPP_PS,,LR,,LA,,T0102,,2024-Q4,,46035.3,,2020,,,,F,,1,,A,,0,,USD,
DATAFLOW,OECD.SDD.NAD:DSD_NAMAIN1@DF_QNA_EXPENDITURE_CAPITA(1.1),,I,Q,,Y,,LVA,,S1,,S1,,B1GQ_POP,,_Z,,_Z,,_Z,,USD_PPP_PS,,V,,LA,,T0102,,2025-Q4,,48074.5,,,,,,F,,1,,A,,0,,USD,
DATAFLOW,OECD.SDD.NAD:DSD_NAMAIN1@DF_QNA_EXPENDITURE_CAPITA(1.1),,I,Q,,Y,,LVA,,S1,,S1,,B1GQ_POP,,_Z,,_Z,,_Z,,USD_PPP_PS,,V,,LA,,T0102,,2025-Q3,,47237.2,,,,,,F,,1,,A,,0,,USD,
DATAFLOW,OECD.SDD.NAD:DSD_NAMAIN1@DF_QNA_EXPENDITURE_CAPITA(1.1),,I,Q,,Y,,LVA,,S1,,S1,,B1GQ_POP,,_Z,,_Z,,_Z,,USD_PPP_PS,,V,,LA,,T0102,,2025-Q2,,46123.3,,,,,,F,,1,,A,,0,,USD,
DATAFLOW,OECD.SDD.NAD:DSD_NAMAIN1@DF_QNA_EXPENDITURE_CAPITA(1.1),,I,Q,,Y,,LVA,,S1,,S1,,B1GQ_POP,,_Z,,_Z,,_Z,,USD_PPP_PS,,V,,LA,,T0102,,2025-Q1,,45368.1,,,,,,F,,1,,A,,0,,USD,
DATAFLOW,OECD.SDD.NAD:DSD_NAMAIN1@DF_QNA_EXPENDITURE_CAPITA(1.1),,I,Q,,Y,,LVA,,S1,,S1,,B1GQ_POP,,_Z,,_Z,,_Z,,USD_PPP_PS,,V,,LA,,T0102,,2024-Q4,,44407.4,,,,,,F,,1,,A,,0,,USD,
DATAFLOW,OECD.SDD.NAD:DSD_NAMAIN1@DF_QNA_EXPENDITURE_CAPITA(1.1),,I,Q,,Y,,LVA,,S1,,S1,,B1GQ_POP,,_Z,,_Z,,_Z,,USD_PPP_PS,,LR,,LA,,T0102,,2025-Q4,,37910.7,,2020,,,,F,,1,,A,,0,,USD,
DATAFLOW,OECD.SDD.NAD:DSD_NAMAIN1@DF_QNA_EXPENDITURE_CAPITA(1.1),,I,Q,,Y,,LVA,,S1,,S1,,B1GQ_POP,,_Z,,_Z,,_Z,,USD_PPP_PS,,LR,,LA,,T0102,,2025-Q3,,37569.6,,2020,,,,F,,1,,A,,0,,USD,
DATAFLOW,OECD.SDD.NAD:DSD_NAMAIN1@DF_QNA_EXPENDITURE_CAPITA(1.1),,I,Q,,Y,,LVA,,S1,,S1,,B1GQ_POP,,_Z,,_Z,,_Z,,USD_PPP_PS,,LR,,LA,,T0102,,2025-Q2,,37068.3,,2020,,,,F,,1,,A,,0,,USD,
DATAFLOW,OECD.SDD.NAD:DSD_NAMAIN1@DF_QNA_EXPENDITURE_CAPITA(1.1),,I,Q,,Y,,LVA,,S1,,S1,,B1GQ_POP,,_Z,,_Z,,_Z,,USD_PPP_PS,,LR,,LA,,T0102,,2025-Q1,,36666.3,,2020,,,,F,,1,,A,,0,,USD,
DATAFLOW,OECD.SDD.NAD:DSD_NAMAIN1@DF_QNA_EXPENDITURE_CAPITA(1.1),,I,Q,,Y,,JPN,,S1,,S1,,B1GQ_POP,,_Z,,_Z,,_Z,,USD_PPP_PS,,V,,LA,,T0102,,2025-Q4,,57616.8,,,,,,F,,1,,A,,0,,USD,
DATAFLOW,OECD.SDD.NAD:DSD_NAMAIN1@DF_QNA_EXPENDITURE_CAPITA(1.1),,I,Q,,Y,,JPN,,S1,,S1,,B1GQ_POP,,_Z,,_Z,,_Z,,USD_PPP_PS,,V,,LA,,T0102,,2025-Q3,,56774.8,,,,,,F,,1,,A,,0,,USD,
DATAFLOW,OECD.SDD.NAD:DSD_NAMAIN1@DF_QNA_EXPENDITURE_CAPITA(1.1),,I,Q,,Y,,JPN,,S1,,S1,,B1GQ_POP,,_Z,,_Z,,_Z,,USD_PPP_PS,,V,,LA,,T0102,,2024-Q4,,55125.9,,,,,,F,,1,,A,,0,,USD,
DATAFLOW,OECD.SDD.NAD:DSD_NAMAIN1@DF_QNA_EXPENDITURE_CAPITA(1.1),,I,Q,,Y,,CHL,,S1,,S1,,B1GQ_POP,,_Z,,_Z,,_Z,,USD_PPP_PS,,LR,,LA,,T0102,,2025-Q4,,29356,,2020,,,,F,,1,,A,,0,,USD,
DATAFLOW,OECD.SDD.NAD:DSD_NAMAIN1@DF_QNA_EXPENDITURE_CAPITA(1.1),,I,Q,,Y,,CHL,,S1,,S1,,B1GQ_POP,,_Z,,_Z,,_Z,,USD_PPP_PS,,LR,,LA,,T0102,,2025-Q2,,29353.2,,2020,,,,F,,1,,A,,0,,USD,
DATAFLOW,OECD.SDD.NAD:DSD_NAMAIN1@DF_QNA_EXPENDITURE_CAPITA(1.1),,I,Q,,Y,,CAN,,S1,,S1,,B1GQ_POP,,_Z,,_Z,,_Z,,USD_PPP_PS,,V,,LA,,T0102,,2025-Q3,,68301.5,,,,,,F,,1,,A,,0,,USD,
DATAFLOW,OECD.SDD.NAD:DSD_NAMAIN1@DF_QNA_EXPENDITURE_CAPITA(1.1),,I,Q,,Y,,CAN,,S1,,S1,,B1GQ_POP,,_Z,,_Z,,_Z,,USD_PPP_PS,,V,,LA,,T0102,,2025-Q2,,67332.8,,,,,,F,,1,,A,,0,,USD,
DATAFLOW,OECD.SDD.NAD:DSD_NAMAIN1@DF_QNA_EXPENDITURE_CAPITA(1.1),,I,Q,,Y,,ISR,,S1,,S1,,B1GQ_POP,,_Z,,_Z,,_Z,,USD_PPP_PS,,V,,LA,,T0102,,2025-Q1,,59105,,,,,,F,,1,,A,,0,,USD,
DATAFLOW,OECD.SDD.NAD:DSD_NAMAIN1@DF_QNA_EXPENDITURE_CAPITA(1.1),,I,Q,,Y,,ISR,,S1,,S1,,B1GQ_POP,,_Z,,_Z,,_Z,,USD_PPP_PS,,V,,LA,,T0102,,2024-Q4,,58319.9,,,,,,F,,1,,A,,0,,USD,
DATAFLOW,OECD.SDD.NAD:DSD_NAMAIN1@DF_QNA_EXPENDITURE_CAPITA(1.1),,I,Q,,Y,,ISR,,S1,,S1,,B1GQ_POP,,_Z,,_Z,,_Z,,USD_PPP_PS,,LR,,LA,,T0102,,2025-Q1,,45583.9,,2020,,,,F,,1,,A,,0,,USD,
DATAFLOW,OECD.SDD.NAD:DSD_NAMAIN1@DF_QNA_EXPENDITURE_CAPITA(1.1),,I,Q,,Y,,ISR,,S1,,S1,,B1GQ_POP,,_Z,,_Z,,_Z,,USD_PPP_PS,,LR,,LA,,T0102,,2025-Q3,,46090.8,,2020,,,,F,,1,,A,,0,,USD,
DATAFLOW,OECD.SDD.NAD:DSD_NAMAIN1@DF_QNA_EXPENDITURE_CAPITA(1.1),,I,Q,,Y,,ISR,,S1,,S1,,B1GQ_POP,,_Z,,_Z,,_Z,,USD_PPP_PS,,LR,,LA,,T0102,,2025-Q2,,44952.6,,2020,,,,F,,1,,A,,0,,USD,
DATAFLOW,OECD.SDD.NAD:DSD_NAMAIN1@DF_QNA_EXPENDITURE_CAPITA(1.1),,I,Q,,Y,,ISR,,S1,,S1,,B1GQ_POP,,_Z,,_Z,,_Z,,USD_PPP_PS,,LR,,LA,,T0102,,2024-Q4,,45201.4,,2020,,,,F,,1,,A,,0,,USD,
DATAFLOW,OECD.SDD.NAD:DSD_NAMAIN1@DF_QNA_EXPENDITURE_CAPITA(1.1),,I,Q,,Y,,ISR,,S1,,S1,,B1GQ_POP,,_Z,,_Z,,_Z,,USD_PPP_PS,,V,,LA,,T0102,,2025-Q3,,60697.7,,,,,,F,,1,,A,,0,,USD,
DATAFLOW,OECD.SDD.NAD:DSD_NAMAIN1@DF_QNA_EXPENDITURE_CAPITA(1.1),,I,Q,,Y,,IRL,,S1,,S1,,B1GQ_POP,,_Z,,_Z,,_Z,,USD_PPP_PS,,V,,LA,,T0102,,2025-Q3,,156896.3,,,,,,F,,1,,A,,0,,USD,
DATAFLOW,OECD.SDD.NAD:DSD_NAMAIN1@DF_QNA_EXPENDITURE_CAPITA(1.1),,I,Q,,Y,,IRL,,S1,,S1,,B1GQ_POP,,_Z,,_Z,,_Z,,USD_PPP_PS,,V,,LA,,T0102,,2025-Q2,,157919,,,,,,F,,1,,A,,0,,USD,
DATAFLOW,OECD.SDD.NAD:DSD_NAMAIN1@DF_QNA_EXPENDITURE_CAPITA(1.1),,I,Q,,Y,,IRL,,S1,,S1,,B1GQ_POP,,_Z,,_Z,,_Z,,USD_PPP_PS,,V,,LA,,T0102,,2025-Q1,,159628,,,,,,F,,1,,A,,0,,USD,
DATAFLOW,OECD.SDD.NAD:DSD_NAMAIN1@DF_QNA_EXPENDITURE_CAPITA(1.1),,I,Q,,Y,,IRL,,S1,,S1,,B1GQ_POP,,_Z,,_Z,,_Z,,USD_PPP_PS,,LR,,LA,,T0102,,2025-Q4,,122033.7,,2020,,,,F,,1,,A,,0,,USD,
DATAFLOW,OECD.SDD.NAD:DSD_NAMAIN1@DF_QNA_EXPENDITURE_CAPITA(1.1),,I,Q,,Y,,IRL,,S1,,S1,,B1GQ_POP,,_Z,,_Z,,_Z,,USD_PPP_PS,,LR,,LA,,T0102,,2025-Q3,,127166.4,,2020,,,,F,,1,,A,,0,,USD,
DATAFLOW,OECD.SDD.NAD:DSD_NAMAIN1@DF_QNA_EXPENDITURE_CAPITA(1.1),,I,Q,,Y,,IRL,,S1,,S1,,B1GQ_POP,,_Z,,_Z,,_Z,,USD_PPP_PS,,V,,LA,,T0102,,2024-Q4,,149645,,,,,,F,,1,,A,,0,,USD,
DATAFLOW,OECD.SDD.NAD:DSD_NAMAIN1@DF_QNA_EXPENDITURE_CAPITA(1.1),,I,Q,,Y,,IRL,,S1,,S1,,B1GQ_POP,,_Z,,_Z,,_Z,,USD_PPP_PS,,LR,,LA,,T0102,,2025-Q2,,127786.6,,2020,,,,F,,1,,A,,0,,USD,
DATAFLOW,OECD.SDD.NAD:DSD_NAMAIN1@DF_QNA_EXPENDITURE_CAPITA(1.1),,I,Q,,Y,,IRL,,S1,,S1,,B1GQ_POP,,_Z,,_Z,,_Z,,USD_PPP_PS,,LR,,LA,,T0102,,2025-Q1,,128922.7,,2020,,,,F,,1,,A,,0,,USD,
DATAFLOW,OECD.SDD.NAD:DSD_NAMAIN1@DF_QNA_EXPENDITURE_CAPITA(1.1),,I,Q,,Y,,IRL,,S1,,S1,,B1GQ_POP,,_Z,,_Z,,_Z,,USD_PPP_PS,,LR,,LA,,T0102,,2024-Q4,,120163,,2020,,,,F,,1,,A,,0,,USD,
DATAFLOW,OECD.SDD.NAD:DSD_NAMAIN1@DF_QNA_EXPENDITURE_CAPITA(1.1),,I,Q,,Y,,HUN,,S1,,S1,,B1GQ_POP,,_Z,,_Z,,_Z,,USD_PPP_PS,,V,,LA,,T0102,,2024-Q4,,49102.2,,,,,,F,,1,,A,,0,,USD,
DATAFLOW,OECD.SDD.NAD:DSD_NAMAIN1@DF_QNA_EXPENDITURE_CAPITA(1.1),,I,Q,,Y,,FRA,,S1,,S1,,B1GQ_POP,,_Z,,_Z,,_Z,,USD_PPP_PS,,V,,LA,,T0102,,2025-Q4,,65637.5,,,,,,F,,1,,A,,0,,USD,
DATAFLOW,OECD.SDD.NAD:DSD_NAMAIN1@DF_QNA_EXPENDITURE_CAPITA(1.1),,I,Q,,Y,,FRA,,S1,,S1,,B1GQ_POP,,_Z,,_Z,,_Z,,USD_PPP_PS,,V,,LA,,T0102,,2025-Q3,,64932.1,,,,,,F,,1,,A,,0,,USD,
DATAFLOW,OECD.SDD.NAD:DSD_NAMAIN1@DF_QNA_EXPENDITURE_CAPITA(1.1),,I,Q,,Y,,FRA,,S1,,S1,,B1GQ_POP,,_Z,,_Z,,_Z,,USD_PPP_PS,,V,,LA,,T0102,,2025-Q2,,64039.3,,,,,,F,,1,,A,,0,,USD,
DATAFLOW,OECD.SDD.NAD:DSD_NAMAIN1@DF_QNA_EXPENDITURE_CAPITA(1.1),,I,Q,,Y,,FRA,,S1,,S1,,B1GQ_POP,,_Z,,_Z,,_Z,,USD_PPP_PS,,V,,LA,,T0102,,2025-Q1,,63541.9,,,,,,F,,1,,A,,0,,USD,
DATAFLOW,OECD.SDD.NAD:DSD_NAMAIN1@DF_QNA_EXPENDITURE_CAPITA(1.1),,I,Q,,Y,,FRA,,S1,,S1,,B1GQ_POP,,_Z,,_Z,,_Z,,USD_PPP_PS,,V,,LA,,T0102,,2024-Q4,,62953.7,,,,,,F,,1,,A,,0,,USD,
DATAFLOW,OECD.SDD.NAD:DSD_NAMAIN1@DF_QNA_EXPENDITURE_CAPITA(1.1),,I,Q,,Y,,FRA,,S1,,S1,,B1GQ_POP,,_Z,,_Z,,_Z,,USD_PPP_PS,,LR,,LA,,T0102,,2025-Q4,,55616.7,,2020,,,,F,,1,,A,,0,,USD,
DATAFLOW,OECD.SDD.NAD:DSD_NAMAIN1@DF_QNA_EXPENDITURE_CAPITA(1.1),,I,Q,,Y,,FRA,,S1,,S1,,B1GQ_POP,,_Z,,_Z,,_Z,,USD_PPP_PS,,LR,,LA,,T0102,,2025-Q3,,55536.5,,2020,,,,F,,1,,A,,0,,USD,
DATAFLOW,OECD.SDD.NAD:DSD_NAMAIN1@DF_QNA_EXPENDITURE_CAPITA(1.1),,I,Q,,Y,,FRA,,S1,,S1,,B1GQ_POP,,_Z,,_Z,,_Z,,USD_PPP_PS,,LR,,LA,,T0102,,2025-Q2,,55273.2,,2020,,,,F,,1,,A,,0,,USD,
DATAFLOW,OECD.SDD.NAD:DSD_NAMAIN1@DF_QNA_EXPENDITURE_CAPITA(1.1),,I,Q,,Y,,FRA,,S1,,S1,,B1GQ_POP,,_Z,,_Z,,_Z,,USD_PPP_PS,,LR,,LA,,T0102,,2025-Q1,,55122.3,,2020,,,,F,,1,,A,,0,,USD,
DATAFLOW,OECD.SDD.NAD:DSD_NAMAIN1@DF_QNA_EXPENDITURE_CAPITA(1.1),,I,Q,,Y,,FIN,,S1,,S1,,B1GQ_POP,,_Z,,_Z,,_Z,,USD_PPP_PS,,V,,LA,,T0102,,2025-Q2,,66222.6,,,,,,F,,1,,A,,0,,USD,
DATAFLOW,OECD.SDD.NAD:DSD_NAMAIN1@DF_QNA_EXPENDITURE_CAPITA(1.1),,I,Q,,Y,,FIN,,S1,,S1,,B1GQ_POP,,_Z,,_Z,,_Z,,USD_PPP_PS,,V,,LA,,T0102,,2025-Q1,,66105.5,,,,,,F,,1,,A,,0,,USD,
DATAFLOW,OECD.SDD.NAD:DSD_NAMAIN1@DF_QNA_EXPENDITURE_CAPITA(1.1),,I,Q,,Y,,FIN,,S1,,S1,,B1GQ_POP,,_Z,,_Z,,_Z,,USD_PPP_PS,,V,,LA,,T0102,,2024-Q4,,65556.7,,,,,,F,,1,,A,,0,,USD,
DATAFLOW,OECD.SDD.NAD:DSD_NAMAIN1@DF_QNA_EXPENDITURE_CAPITA(1.1),,I,Q,,Y,,FIN,,S1,,S1,,B1GQ_POP,,_Z,,_Z,,_Z,,USD_PPP_PS,,LR,,LA,,T0102,,2025-Q1,,53752.8,,2020,,,,F,,1,,A,,0,,USD,
DATAFLOW,OECD.SDD.NAD:DSD_NAMAIN1@DF_QNA_EXPENDITURE_CAPITA(1.1),,I,Q,,Y,,FIN,,S1,,S1,,B1GQ_POP,,_Z,,_Z,,_Z,,USD_PPP_PS,,LR,,LA,,T0102,,2025-Q2,,53640.6,,2020,,,,F,,1,,A,,0,,USD,
DATAFLOW,OECD.SDD.NAD:DSD_NAMAIN1@DF_QNA_EXPENDITURE_CAPITA(1.1),,I,Q,,Y,,AUT,,S1,,S1,,B1GQ_POP,,_Z,,_Z,,_Z,,USD_PPP_PS,,LR,,LA,,T0102,,2025-Q3,,62293,,2020,,,,F,,1,,A,,0,,USD,
DATAFLOW,OECD.SDD.NAD:DSD_NAMAIN1@DF_QNA_EXPENDITURE_CAPITA(1.1),,I,Q,,Y,,EST,,S1,,S1,,B1GQ_POP,,_Z,,_Z,,_Z,,USD_PPP_PS,,LR,,LA,,T0102,,2025-Q4,,41345.3,,2020,,,,F,,1,,A,,0,,USD,
DATAFLOW,OECD.SDD.NAD:DSD_NAMAIN1@DF_QNA_EXPENDITURE_CAPITA(1.1),,I,Q,,Y,,EST,,S1,,S1,,B1GQ_POP,,_Z,,_Z,,_Z,,USD_PPP_PS,,LR,,LA,,T0102,,2025-Q3,,41356.2,,2020,,,,F,,1,,A,,0,,USD,
DATAFLOW,OECD.SDD.NAD:DSD_NAMAIN1@DF_QNA_EXPENDITURE_CAPITA(1.1),,I,Q,,Y,,ZAF,,S1,,S1,,B1GQ_POP,,_Z,,_Z,,_Z,,USD_PPP_PS,,LR,,LA,,T0102,,2025-Q3,,13680.6,,2020,,,,F,,1,,A,,0,,USD,
DATAFLOW,OECD.SDD.NAD:DSD_NAMAIN1@DF_QNA_EXPENDITURE_CAPITA(1.1),,I,Q,,Y,,ZAF,,S1,,S1,,B1GQ_POP,,_Z,,_Z,,_Z,,USD_PPP_PS,,LR,,LA,,T0102,,2024-Q4,,13634.3,,2020,,,,F,,1,,A,,0,,USD,
DATAFLOW,OECD.SDD.NAD:DSD_NAMAIN1@DF_QNA_EXPENDITURE_CAPITA(1.1),,I,Q,,Y,,ZAF,,S1,,S1,,B1GQ_POP,,_Z,,_Z,,_Z,,USD_PPP_PS,,LR,,LA,,T0102,,2025-Q2,,13676.1,,2020,,,,F,,1,,A,,0,,USD,
DATAFLOW,OECD.SDD.NAD:DSD_NAMAIN1@DF_QNA_EXPENDITURE_CAPITA(1.1),,I,Q,,Y,,JPN,,S1,,S1,,B1GQ_POP,,_Z,,_Z,,_Z,,USD_PPP_PS,,LR,,LA,,T0102,,2025-Q3,,47509.3,,2020,,,,F,,1,,A,,0,,USD,
DATAFLOW,OECD.SDD.NAD:DSD_NAMAIN1@DF_QNA_EXPENDITURE_CAPITA(1.1),,I,Q,,Y,,JPN,,S1,,S1,,B1GQ_POP,,_Z,,_Z,,_Z,,USD_PPP_PS,,LR,,LA,,T0102,,2024-Q4,,47277.8,,2020,,,,F,,1,,A,,0,,USD,
DATAFLOW,OECD.SDD.NAD:DSD_NAMAIN1@DF_QNA_EXPENDITURE_CAPITA(1.1),,I,Q,,Y,,ITA,,S1,,S1,,B1GQ_POP,,_Z,,_Z,,_Z,,USD_PPP_PS,,V,,LA,,T0102,,2024-Q4,,62408.6,,,,,,F,,1,,A,,0,,USD,
DATAFLOW,OECD.SDD.NAD:DSD_NAMAIN1@DF_QNA_EXPENDITURE_CAPITA(1.1),,I,Q,,Y,,ITA,,S1,,S1,,B1GQ_POP,,_Z,,_Z,,_Z,,USD_PPP_PS,,LR,,LA,,T0102,,2024-Q4,,52017.4,,2020,,,,F,,1,,A,,0,,USD,
DATAFLOW,OECD.SDD.NAD:DSD_NAMAIN1@DF_QNA_EXPENDITURE_CAPITA(1.1),,I,Q,,Y,,OECD,,S1,,S1,,B1GQ_POP,,_Z,,_Z,,_Z,,USD_PPP_PS,,LR,,LA,,T0102,,2025-Q1,,52389.3,,2020,,,,F,,1,,A,,0,,USD,
DATAFLOW,OECD.SDD.NAD:DSD_NAMAIN1@DF_QNA_EXPENDITURE_CAPITA(1.1),,I,Q,,Y,,OECD,,S1,,S1,,B1GQ_POP,,_Z,,_Z,,_Z,,USD_PPP_PS,,LR,,LA,,T0102,,2024-Q4,,52299,,2020,,,,F,,1,,A,,0,,USD,
DATAFLOW,OECD.SDD.NAD:DSD_NAMAIN1@DF_QNA_EXPENDITURE_CAPITA(1.1),,I,Q,,Y,,EU27_2020,,S1,,S1,,B1GQ_POP,,_Z,,_Z,,_Z,,USD_PPP_PS,,V,,LA,,T0102,,2025-Q4,,66917.4,,,,,,F,,1,,A,,0,,USD,
DATAFLOW,OECD.SDD.NAD:DSD_NAMAIN1@DF_QNA_EXPENDITURE_CAPITA(1.1),,I,Q,,Y,,EU27_2020,,S1,,S1,,B1GQ_POP,,_Z,,_Z,,_Z,,USD_PPP_PS,,V,,LA,,T0102,,2025-Q3,,66226.9,,,,,,F,,1,,A,,0,,USD,
DATAFLOW,OECD.SDD.NAD:DSD_NAMAIN1@DF_QNA_EXPENDITURE_CAPITA(1.1),,I,Q,,Y,,EU27_2020,,S1,,S1,,B1GQ_POP,,_Z,,_Z,,_Z,,USD_PPP_PS,,V,,LA,,T0102,,2025-Q2,,65467.3,,,,,,F,,1,,A,,0,,USD,
DATAFLOW,OECD.SDD.NAD:DSD_NAMAIN1@DF_QNA_EXPENDITURE_CAPITA(1.1),,I,Q,,Y,,EU27_2020,,S1,,S1,,B1GQ_POP,,_Z,,_Z,,_Z,,USD_PPP_PS,,V,,LA,,T0102,,2025-Q1,,65069.3,,,,,,F,,1,,A,,0,,USD,
DATAFLOW,OECD.SDD.NAD:DSD_NAMAIN1@DF_QNA_EXPENDITURE_CAPITA(1.1),,I,Q,,Y,,EU27_2020,,S1,,S1,,B1GQ_POP,,_Z,,_Z,,_Z,,USD_PPP_PS,,V,,LA,,T0102,,2024-Q4,,64305.9,,,,,,F,,1,,A,,0,,USD,
DATAFLOW,OECD.SDD.NAD:DSD_NAMAIN1@DF_QNA_EXPENDITURE_CAPITA(1.1),,I,Q,,Y,,EU27_2020,,S1,,S1,,B1GQ_POP,,_Z,,_Z,,_Z,,USD_PPP_PS,,LR,,LA,,T0102,,2025-Q4,,50491.8,,2020,,,,F,,1,,A,,0,,USD,
DATAFLOW,OECD.SDD.NAD:DSD_NAMAIN1@DF_QNA_EXPENDITURE_CAPITA(1.1),,I,Q,,Y,,EU27_2020,,S1,,S1,,B1GQ_POP,,_Z,,_Z,,_Z,,USD_PPP_PS,,LR,,LA,,T0102,,2025-Q3,,50419.8,,2020,,,,F,,1,,A,,0,,USD,
DATAFLOW,OECD.SDD.NAD:DSD_NAMAIN1@DF_QNA_EXPENDITURE_CAPITA(1.1),,I,Q,,Y,,EU27_2020,,S1,,S1,,B1GQ_POP,,_Z,,_Z,,_Z,,USD_PPP_PS,,LR,,LA,,T0102,,2025-Q2,,50249.9,,2020,,,,F,,1,,A,,0,,USD,
DATAFLOW,OECD.SDD.NAD:DSD_NAMAIN1@DF_QNA_EXPENDITURE_CAPITA(1.1),,I,Q,,Y,,EU27_2020,,S1,,S1,,B1GQ_POP,,_Z,,_Z,,_Z,,USD_PPP_PS,,LR,,LA,,T0102,,2025-Q1,,50135.9,,2020,,,,F,,1,,A,,0,,USD,
DATAFLOW,OECD.SDD.NAD:DSD_NAMAIN1@DF_QNA_EXPENDITURE_CAPITA(1.1),,I,Q,,Y,,EA20,,S1,,S1,,B1GQ_POP,,_Z,,_Z,,_Z,,USD_PPP_PS,,V,,LA,,T0102,,2024-Q4,,66968.6,,,,,,F,,1,,A,,0,,USD,
DATAFLOW,OECD.SDD.NAD:DSD_NAMAIN1@DF_QNA_EXPENDITURE_CAPITA(1.1),,I,Q,,Y,,EA20,,S1,,S1,,B1GQ_POP,,_Z,,_Z,,_Z,,USD_PPP_PS,,LR,,LA,,T0102,,2024-Q4,,51945.2,,2020,,,,F,,1,,A,,0,,USD,
DATAFLOW,OECD.SDD.NAD:DSD_NAMAIN1@DF_QNA_EXPENDITURE_CAPITA(1.1),,I,Q,,Y,,EA20,,S1,,S1,,B1GQ_POP,,_Z,,_Z,,_Z,,USD_PPP_PS,,LR,,LA,,T0102,,2025-Q2,,52273.6,,2020,,,,F,,1,,A,,0,,USD,
DATAFLOW,OECD.SDD.NAD:DSD_NAMAIN1@DF_QNA_EXPENDITURE_CAPITA(1.1),,I,Q,,Y,,EA20,,S1,,S1,,B1GQ_POP,,_Z,,_Z,,_Z,,USD_PPP_PS,,LR,,LA,,T0102,,2025-Q4,,52442.7,,2020,,,,F,,1,,A,,0,,USD,
DATAFLOW,OECD.SDD.NAD:DSD_NAMAIN1@DF_QNA_EXPENDITURE_CAPITA(1.1),,I,Q,,Y,,EA20,,S1,,S1,,B1GQ_POP,,_Z,,_Z,,_Z,,USD_PPP_PS,,LR,,LA,,T0102,,2025-Q3,,52394.9,,2020,,,,F,,1,,A,,0,,USD,
DATAFLOW,OECD.SDD.NAD:DSD_NAMAIN1@DF_QNA_EXPENDITURE_CAPITA(1.1),,I,Q,,Y,,EA20,,S1,,S1,,B1GQ_POP,,_Z,,_Z,,_Z,,USD_PPP_PS,,LR,,LA,,T0102,,2025-Q1,,52229.7,,2020,,,,F,,1,,A,,0,,USD,
DATAFLOW,OECD.SDD.NAD:DSD_NAMAIN1@DF_QNA_EXPENDITURE_CAPITA(1.1),,I,Q,,Y,,EA20,,S1,,S1,,B1GQ_POP,,_Z,,_Z,,_Z,,USD_PPP_PS,,V,,LA,,T0102,,2025-Q4,,69433.8,,,,,,F,,1,,A,,0,,USD,
DATAFLOW,OECD.SDD.NAD:DSD_NAMAIN1@DF_QNA_EXPENDITURE_CAPITA(1.1),,I,Q,,Y,,EA20,,S1,,S1,,B1GQ_POP,,_Z,,_Z,,_Z,,USD_PPP_PS,,V,,LA,,T0102,,2025-Q3,,68761.4,,,,,,F,,1,,A,,0,,USD,
DATAFLOW,OECD.SDD.NAD:DSD_NAMAIN1@DF_QNA_EXPENDITURE_CAPITA(1.1),,I,Q,,Y,,EA20,,S1,,S1,,B1GQ_POP,,_Z,,_Z,,_Z,,USD_PPP_PS,,V,,LA,,T0102,,2025-Q2,,68064.9,,,,,,F,,1,,A,,0,,USD,
DATAFLOW,OECD.SDD.NAD:DSD_NAMAIN1@DF_QNA_EXPENDITURE_CAPITA(1.1),,I,Q,,Y,,G7,,S1,,S1,,B1GQ_POP,,_Z,,_Z,,_Z,,USD_PPP_PS,,LR,,LA,,T0102,,2025-Q3,,62432.3,,2020,,,,F,,1,,A,,0,,USD,
DATAFLOW,OECD.SDD.NAD:DSD_NAMAIN1@DF_QNA_EXPENDITURE_CAPITA(1.1),,I,Q,,Y,,G7,,S1,,S1,,B1GQ_POP,,_Z,,_Z,,_Z,,USD_PPP_PS,,V,,LA,,T0102,,2025-Q4,,77051.9,,,,,,F,,1,,A,,0,,USD,
DATAFLOW,OECD.SDD.NAD:DSD_NAMAIN1@DF_QNA_EXPENDITURE_CAPITA(1.1),,I,Q,,Y,,G7,,S1,,S1,,B1GQ_POP,,_Z,,_Z,,_Z,,USD_PPP_PS,,LR,,LA,,T0102,,2025-Q2,,62114.9,,2020,,,,F,,1,,A,,0,,USD,
DATAFLOW,OECD.SDD.NAD:DSD_NAMAIN1@DF_QNA_EXPENDITURE_CAPITA(1.1),,I,Q,,Y,,G7,,S1,,S1,,B1GQ_POP,,_Z,,_Z,,_Z,,USD_PPP_PS,,LR,,LA,,T0102,,2025-Q1,,61802.6,,2020,,,,F,,1,,A,,0,,USD,
DATAFLOW,OECD.SDD.NAD:DSD_NAMAIN1@DF_QNA_EXPENDITURE_CAPITA(1.1),,I,Q,,Y,,G7,,S1,,S1,,B1GQ_POP,,_Z,,_Z,,_Z,,USD_PPP_PS,,V,,LA,,T0102,,2024-Q4,,73798.3,,,,,,F,,1,,A,,0,,USD,
DATAFLOW,OECD.SDD.NAD:DSD_NAMAIN1@DF_QNA_EXPENDITURE_CAPITA(1.1),,I,Q,,Y,,G7,,S1,,S1,,B1GQ_POP,,_Z,,_Z,,_Z,,USD_PPP_PS,,LR,,LA,,T0102,,2024-Q4,,61775.1,,2020,,,,F,,1,,A,,0,,USD,
DATAFLOW,OECD.SDD.NAD:DSD_NAMAIN1@DF_QNA_EXPENDITURE_CAPITA(1.1),,I,Q,,Y,,G7,,S1,,S1,,B1GQ_POP,,_Z,,_Z,,_Z,,USD_PPP_PS,,V,,LA,,T0102,,2025-Q1,,74432,,,,,,F,,1,,A,,0,,USD,
DATAFLOW,OECD.SDD.NAD:DSD_NAMAIN1@DF_QNA_EXPENDITURE_CAPITA(1.1),,I,Q,,Y,,G7,,S1,,S1,,B1GQ_POP,,_Z,,_Z,,_Z,,USD_PPP_PS,,V,,LA,,T0102,,2025-Q3,,76218.8,,,,,,F,,1,,A,,0,,USD,
DATAFLOW,OECD.SDD.NAD:DSD_NAMAIN1@DF_QNA_EXPENDITURE_CAPITA(1.1),,I,Q,,Y,,G7,,S1,,S1,,B1GQ_POP,,_Z,,_Z,,_Z,,USD_PPP_PS,,V,,LA,,T0102,,2025-Q2,,75166.1,,,,,,F,,1,,A,,0,,USD,
DATAFLOW,OECD.SDD.NAD:DSD_NAMAIN1@DF_QNA_EXPENDITURE_CAPITA(1.1),,I,Q,,Y,,USA,,S1,,S1,,B1GQ_POP,,_Z,,_Z,,_Z,,USD_PPP_PS,,LR,,LA,,T0102,,2025-Q1,,72688.6,,2020,,,,F,,1,,A,,0,,USD,
DATAFLOW,OECD.SDD.NAD:DSD_NAMAIN1@DF_QNA_EXPENDITURE_CAPITA(1.1),,I,Q,,Y,,USA,,S1,,S1,,B1GQ_POP,,_Z,,_Z,,_Z,,USD_PPP_PS,,V,,LA,,T0102,,2025-Q3,,90882.9,,,,,,F,,1,,A,,0,,USD,
DATAFLOW,OECD.SDD.NAD:DSD_NAMAIN1@DF_QNA_EXPENDITURE_CAPITA(1.1),,I,Q,,Y,,USA,,S1,,S1,,B1GQ_POP,,_Z,,_Z,,_Z,,USD_PPP_PS,,V,,LA,,T0102,,2025-Q2,,89195.1,,,,,,F,,1,,A,,0,,USD,
DATAFLOW,OECD.SDD.NAD:DSD_NAMAIN1@DF_QNA_EXPENDITURE_CAPITA(1.1),,I,Q,,Y,,USA,,S1,,S1,,B1GQ_POP,,_Z,,_Z,,_Z,,USD_PPP_PS,,LR,,LA,,T0102,,2025-Q2,,73289,,2020,,,,F,,1,,A,,0,,USD,
DATAFLOW,OECD.SDD.NAD:DSD_NAMAIN1@DF_QNA_EXPENDITURE_CAPITA(1.1),,I,Q,,Y,,USA,,S1,,S1,,B1GQ_POP,,_Z,,_Z,,_Z,,USD_PPP_PS,,V,,LA,,T0102,,2025-Q4,,91820.8,,,,,,F,,1,,A,,0,,USD,
DATAFLOW,OECD.SDD.NAD:DSD_NAMAIN1@DF_QNA_EXPENDITURE_CAPITA(1.1),,I,Q,,Y,,USA,,S1,,S1,,B1GQ_POP,,_Z,,_Z,,_Z,,USD_PPP_PS,,V,,LA,,T0102,,2025-Q1,,88001.7,,,,,,F,,1,,A,,0,,USD,
DATAFLOW,OECD.SDD.NAD:DSD_NAMAIN1@DF_QNA_EXPENDITURE_CAPITA(1.1),,I,Q,,Y,,USA,,S1,,S1,,B1GQ_POP,,_Z,,_Z,,_Z,,USD_PPP_PS,,V,,LA,,T0102,,2024-Q4,,87462.6,,,,,,F,,1,,A,,0,,USD,
DATAFLOW,OECD.SDD.NAD:DSD_NAMAIN1@DF_QNA_EXPENDITURE_CAPITA(1.1),,I,Q,,Y,,USA,,S1,,S1,,B1GQ_POP,,_Z,,_Z,,_Z,,USD_PPP_PS,,LR,,LA,,T0102,,2025-Q4,,74058.5,,2020,,,,F,,1,,A,,0,,USD,
DATAFLOW,OECD.SDD.NAD:DSD_NAMAIN1@DF_QNA_EXPENDITURE_CAPITA(1.1),,I,Q,,Y,,USA,,S1,,S1,,B1GQ_POP,,_Z,,_Z,,_Z,,USD_PPP_PS,,LR,,LA,,T0102,,2025-Q3,,73993.4,,2020,,,,F,,1,,A,,0,,USD,
DATAFLOW,OECD.SDD.NAD:DSD_NAMAIN1@DF_QNA_EXPENDITURE_CAPITA(1.1),,I,Q,,Y,,GBR,,S1,,S1,,B1GQ_POP,,_Z,,_Z,,_Z,,USD_PPP_PS,,V,,LA,,T0102,,2025-Q1,,64557.5,,,,,,F,,1,,A,,0,,USD,
DATAFLOW,OECD.SDD.NAD:DSD_NAMAIN1@DF_QNA_EXPENDITURE_CAPITA(1.1),,I,Q,,Y,,GBR,,S1,,S1,,B1GQ_POP,,_Z,,_Z,,_Z,,USD_PPP_PS,,V,,LA,,T0102,,2024-Q4,,63776.5,,,,,,F,,1,,A,,0,,USD,
DATAFLOW,OECD.SDD.NAD:DSD_NAMAIN1@DF_QNA_EXPENDITURE_CAPITA(1.1),,I,Q,,Y,,GBR,,S1,,S1,,B1GQ_POP,,_Z,,_Z,,_Z,,USD_PPP_PS,,LR,,LA,,T0102,,2025-Q1,,54807.7,,2020,,,,F,,1,,A,,0,,USD,
DATAFLOW,OECD.SDD.NAD:DSD_NAMAIN1@DF_QNA_EXPENDITURE_CAPITA(1.1),,I,Q,,Y,,GBR,,S1,,S1,,B1GQ_POP,,_Z,,_Z,,_Z,,USD_PPP_PS,,LR,,LA,,T0102,,2024-Q4,,54493.3,,2020,,,,F,,1,,A,,0,,USD,
DATAFLOW,OECD.SDD.NAD:DSD_NAMAIN1@DF_QNA_EXPENDITURE_CAPITA(1.1),,I,Q,,Y,,GBR,,S1,,S1,,B1GQ_POP,,_Z,,_Z,,_Z,,USD_PPP_PS,,V,,LA,,T0102,,2025-Q4,,65967,,,,,,F,,1,,A,,0,,USD,
DATAFLOW,OECD.SDD.NAD:DSD_NAMAIN1@DF_QNA_EXPENDITURE_CAPITA(1.1),,I,Q,,Y,,GBR,,S1,,S1,,B1GQ_POP,,_Z,,_Z,,_Z,,USD_PPP_PS,,LR,,LA,,T0102,,2025-Q3,,54853.3,,2020,,,,F,,1,,A,,0,,USD,
DATAFLOW,OECD.SDD.NAD:DSD_NAMAIN1@DF_QNA_EXPENDITURE_CAPITA(1.1),,I,Q,,Y,,GBR,,S1,,S1,,B1GQ_POP,,_Z,,_Z,,_Z,,USD_PPP_PS,,LR,,LA,,T0102,,2025-Q2,,54881.3,,2020,,,,F,,1,,A,,0,,USD,
DATAFLOW,OECD.SDD.NAD:DSD_NAMAIN1@DF_QNA_EXPENDITURE_CAPITA(1.1),,I,Q,,Y,,GBR,,S1,,S1,,B1GQ_POP,,_Z,,_Z,,_Z,,USD_PPP_PS,,LR,,LA,,T0102,,2025-Q4,,54811.6,,2020,,,,F,,1,,A,,0,,USD,
DATAFLOW,OECD.SDD.NAD:DSD_NAMAIN1@DF_QNA_EXPENDITURE_CAPITA(1.1),,I,Q,,Y,,GBR,,S1,,S1,,B1GQ_POP,,_Z,,_Z,,_Z,,USD_PPP_PS,,V,,LA,,T0102,,2025-Q3,,65491.4,,,,,,F,,1,,A,,0,,USD,
DATAFLOW,OECD.SDD.NAD:DSD_NAMAIN1@DF_QNA_EXPENDITURE_CAPITA(1.1),,I,Q,,Y,,CHE,,S1,,S1,,B1GQ_POP,,_Z,,_Z,,_Z,,USD_PPP_PS,,V,,LA,,T0102,,2025-Q3,,103187.6,,,,,,F,,1,,A,,0,,USD,
DATAFLOW,OECD.SDD.NAD:DSD_NAMAIN1@DF_QNA_EXPENDITURE_CAPITA(1.1),,I,Q,,Y,,CHE,,S1,,S1,,B1GQ_POP,,_Z,,_Z,,_Z,,USD_PPP_PS,,V,,LA,,T0102,,2025-Q2,,102678.3,,,,,,F,,1,,A,,0,,USD,
DATAFLOW,OECD.SDD.NAD:DSD_NAMAIN1@DF_QNA_EXPENDITURE_CAPITA(1.1),,I,Q,,Y,,CHE,,S1,,S1,,B1GQ_POP,,_Z,,_Z,,_Z,,USD_PPP_PS,,V,,LA,,T0102,,2024-Q4,,100740.7,,,,,,F,,1,,A,,0,,USD,
DATAFLOW,OECD.SDD.NAD:DSD_NAMAIN1@DF_QNA_EXPENDITURE_CAPITA(1.1),,I,Q,,Y,,CHE,,S1,,S1,,B1GQ_POP,,_Z,,_Z,,_Z,,USD_PPP_PS,,LR,,LA,,T0102,,2025-Q3,,80171.1,,2020,,,,F,,1,,A,,0,,USD,
DATAFLOW,OECD.SDD.NAD:DSD_NAMAIN1@DF_QNA_EXPENDITURE_CAPITA(1.1),,I,Q,,Y,,CHE,,S1,,S1,,B1GQ_POP,,_Z,,_Z,,_Z,,USD_PPP_PS,,LR,,LA,,T0102,,2025-Q2,,80720.2,,2020,,,,F,,1,,A,,0,,USD,
DATAFLOW,OECD.SDD.NAD:DSD_NAMAIN1@DF_QNA_EXPENDITURE_CAPITA(1.1),,I,Q,,Y,,CHE,,S1,,S1,,B1GQ_POP,,_Z,,_Z,,_Z,,USD_PPP_PS,,LR,,LA,,T0102,,2025-Q1,,80766.6,,2020,,,,F,,1,,A,,0,,USD,
DATAFLOW,OECD.SDD.NAD:DSD_NAMAIN1@DF_QNA_EXPENDITURE_CAPITA(1.1),,I,Q,,Y,,CHE,,S1,,S1,,B1GQ_POP,,_Z,,_Z,,_Z,,USD_PPP_PS,,LR,,LA,,T0102,,2024-Q4,,80332.8,,2020,,,,F,,1,,A,,0,,USD,
DATAFLOW,OECD.SDD.NAD:DSD_NAMAIN1@DF_QNA_EXPENDITURE_CAPITA(1.1),,I,Q,,Y,,SWE,,S1,,S1,,B1GQ_POP,,_Z,,_Z,,_Z,,USD_PPP_PS,,LR,,LA,,T0102,,2025-Q2,,60755.8,,2020,,,,F,,1,,A,,0,,USD,
DATAFLOW,OECD.SDD.NAD:DSD_NAMAIN1@DF_QNA_EXPENDITURE_CAPITA(1.1),,I,Q,,Y,,SWE,,S1,,S1,,B1GQ_POP,,_Z,,_Z,,_Z,,USD_PPP_PS,,LR,,LA,,T0102,,2025-Q1,,60210.4,,2020,,,,F,,1,,A,,0,,USD,
DATAFLOW,OECD.SDD.NAD:DSD_NAMAIN1@DF_QNA_EXPENDITURE_CAPITA(1.1),,I,Q,,Y,,SWE,,S1,,S1,,B1GQ_POP,,_Z,,_Z,,_Z,,USD_PPP_PS,,LR,,LA,,T0102,,2024-Q4,,60410.7,,2020,,,,F,,1,,A,,0,,USD,
DATAFLOW,OECD.SDD.NAD:DSD_NAMAIN1@DF_QNA_EXPENDITURE_CAPITA(1.1),,I,Q,,Y,,SWE,,S1,,S1,,B1GQ_POP,,_Z,,_Z,,_Z,,USD_PPP_PS,,V,,LA,,T0102,,2025-Q3,,73051.6,,,,,,F,,1,,A,,0,,USD,
DATAFLOW,OECD.SDD.NAD:DSD_NAMAIN1@DF_QNA_EXPENDITURE_CAPITA(1.1),,I,Q,,Y,,SWE,,S1,,S1,,B1GQ_POP,,_Z,,_Z,,_Z,,USD_PPP_PS,,V,,LA,,T0102,,2025-Q2,,72160.3,,,,,,F,,1,,A,,0,,USD,
DATAFLOW,OECD.SDD.NAD:DSD_NAMAIN1@DF_QNA_EXPENDITURE_CAPITA(1.1),,I,Q,,Y,,SWE,,S1,,S1,,B1GQ_POP,,_Z,,_Z,,_Z,,USD_PPP_PS,,V,,LA,,T0102,,2025-Q1,,71552,,,,,,F,,1,,A,,0,,USD,
DATAFLOW,OECD.SDD.NAD:DSD_NAMAIN1@DF_QNA_EXPENDITURE_CAPITA(1.1),,I,Q,,Y,,SWE,,S1,,S1,,B1GQ_POP,,_Z,,_Z,,_Z,,USD_PPP_PS,,V,,LA,,T0102,,2024-Q4,,71653.9,,,,,,F,,1,,A,,0,,USD,
DATAFLOW,OECD.SDD.NAD:DSD_NAMAIN1@DF_QNA_EXPENDITURE_CAPITA(1.1),,I,Q,,Y,,SVN,,S1,,S1,,B1GQ_POP,,_Z,,_Z,,_Z,,USD_PPP_PS,,V,,LA,,T0102,,2024-Q4,,57992.7,,,,,,F,,1,,A,,0,,USD,
DATAFLOW,OECD.SDD.NAD:DSD_NAMAIN1@DF_QNA_EXPENDITURE_CAPITA(1.1),,I,Q,,Y,,SVN,,S1,,S1,,B1GQ_POP,,_Z,,_Z,,_Z,,USD_PPP_PS,,V,,LA,,T0102,,2025-Q4,,61165.4,,,,,,F,,1,,A,,0,,USD,
DATAFLOW,OECD.SDD.NAD:DSD_NAMAIN1@DF_QNA_EXPENDITURE_CAPITA(1.1),,I,Q,,Y,,SVN,,S1,,S1,,B1GQ_POP,,_Z,,_Z,,_Z,,USD_PPP_PS,,V,,LA,,T0102,,2025-Q3,,60362.5,,,,,,F,,1,,A,,0,,USD,
DATAFLOW,OECD.SDD.NAD:DSD_NAMAIN1@DF_QNA_EXPENDITURE_CAPITA(1.1),,I,Q,,Y,,SVN,,S1,,S1,,B1GQ_POP,,_Z,,_Z,,_Z,,USD_PPP_PS,,V,,LA,,T0102,,2025-Q2,,59212.9,,,,,,F,,1,,A,,0,,USD,
DATAFLOW,OECD.SDD.NAD:DSD_NAMAIN1@DF_QNA_EXPENDITURE_CAPITA(1.1),,I,Q,,Y,,SVN,,S1,,S1,,B1GQ_POP,,_Z,,_Z,,_Z,,USD_PPP_PS,,V,,LA,,T0102,,2025-Q1,,58267.2,,,,,,F,,1,,A,,0,,USD,
DATAFLOW,OECD.SDD.NAD:DSD_NAMAIN1@DF_QNA_EXPENDITURE_CAPITA(1.1),,I,Q,,Y,,SVN,,S1,,S1,,B1GQ_POP,,_Z,,_Z,,_Z,,USD_PPP_PS,,LR,,LA,,T0102,,2025-Q4,,48666.5,,2020,,,,F,,1,,A,,0,,USD,
DATAFLOW,OECD.SDD.NAD:DSD_NAMAIN1@DF_QNA_EXPENDITURE_CAPITA(1.1),,I,Q,,Y,,SVN,,S1,,S1,,B1GQ_POP,,_Z,,_Z,,_Z,,USD_PPP_PS,,LR,,LA,,T0102,,2025-Q3,,48518.9,,2020,,,,F,,1,,A,,0,,USD,
DATAFLOW,OECD.SDD.NAD:DSD_NAMAIN1@DF_QNA_EXPENDITURE_CAPITA(1.1),,I,Q,,Y,,SVN,,S1,,S1,,B1GQ_POP,,_Z,,_Z,,_Z,,USD_PPP_PS,,LR,,LA,,T0102,,2025-Q2,,48105.9,,2020,,,,F,,1,,A,,0,,USD,
DATAFLOW,OECD.SDD.NAD:DSD_NAMAIN1@DF_QNA_EXPENDITURE_CAPITA(1.1),,I,Q,,Y,,COL,,S1,,S1,,B1GQ_POP,,_Z,,_Z,,_Z,,USD_PPP_PS,,V,,LA,,T0102,,2024-Q4,,23537.8,,,,,,F,,1,,A,,0,,USD,
DATAFLOW,OECD.SDD.NAD:DSD_NAMAIN1@DF_QNA_EXPENDITURE_CAPITA(1.1),,I,Q,,Y,,CHL,,S1,,S1,,B1GQ_POP,,_Z,,_Z,,_Z,,USD_PPP_PS,,LR,,LA,,T0102,,2025-Q3,,29231.1,,2020,,,,F,,1,,A,,0,,USD,
DATAFLOW,OECD.SDD.NAD:DSD_NAMAIN1@DF_QNA_EXPENDITURE_CAPITA(1.1),,I,Q,,Y,,DNK,,S1,,S1,,B1GQ_POP,,_Z,,_Z,,_Z,,USD_PPP_PS,,V,,LA,,T0102,,2025-Q2,,82668.4,,,,,,F,,1,,A,,0,,USD,
DATAFLOW,OECD.SDD.NAD:DSD_NAMAIN1@DF_QNA_EXPENDITURE_CAPITA(1.1),,I,Q,,Y,,POL,,S1,,S1,,B1GQ_POP,,_Z,,_Z,,_Z,,USD_PPP_PS,,LR,,LA,,T0102,,2024-Q4,,43720.4,,2020,,,,F,,1,,A,,0,,USD,
DATAFLOW,OECD.SDD.NAD:DSD_NAMAIN1@DF_QNA_EXPENDITURE_CAPITA(1.1),,I,Q,,Y,,POL,,S1,,S1,,B1GQ_POP,,_Z,,_Z,,_Z,,USD_PPP_PS,,V,,LA,,T0102,,2024-Q4,,50987.2,,,,,,F,,1,,A,,0,,USD,
DATAFLOW,OECD.SDD.NAD:DSD_NAMAIN1@DF_QNA_EXPENDITURE_CAPITA(1.1),,I,Q,,Y,,NOR,,S1,,S1,,B1GQ_POP,,_Z,,_Z,,_Z,,USD_PPP_PS,,LR,,LA,,T0102,,2025-Q2,,74583.5,,2020,,,,F,,1,,A,,0,,USD,
DATAFLOW,OECD.SDD.NAD:DSD_NAMAIN1@DF_QNA_EXPENDITURE_CAPITA(1.1),,I,Q,,Y,,OECDE,,S1,,S1,,B1GQ_POP,,_Z,,_Z,,_Z,,USD_PPP_PS,,LR,,LA,,T0102,,2025-Q3,,52644.5,,2020,,,,F,,1,,A,,0,,USD,
DATAFLOW,OECD.SDD.NAD:DSD_NAMAIN1@DF_QNA_EXPENDITURE_CAPITA(1.1),,I,Q,,Y,,OECDE,,S1,,S1,,B1GQ_POP,,_Z,,_Z,,_Z,,USD_PPP_PS,,LR,,LA,,T0102,,2025-Q2,,52467.7,,2020,,,,F,,1,,A,,0,,USD,
DATAFLOW,OECD.SDD.NAD:DSD_NAMAIN1@DF_QNA_EXPENDITURE_CAPITA(1.1),,I,Q,,Y,,OECDE,,S1,,S1,,B1GQ_POP,,_Z,,_Z,,_Z,,USD_PPP_PS,,LR,,LA,,T0102,,2025-Q1,,52309.2,,2020,,,,F,,1,,A,,0,,USD,
DATAFLOW,OECD.SDD.NAD:DSD_NAMAIN1@DF_QNA_EXPENDITURE_CAPITA(1.1),,I,Q,,Y,,OECDE,,S1,,S1,,B1GQ_POP,,_Z,,_Z,,_Z,,USD_PPP_PS,,LR,,LA,,T0102,,2024-Q4,,52053,,2020,,,,F,,1,,A,,0,,USD,
DATAFLOW,OECD.SDD.NAD:DSD_NAMAIN1@DF_QNA_EXPENDITURE_CAPITA(1.1),,I,Q,,Y,,OECD,,S1,,S1,,B1GQ_POP,,_Z,,_Z,,_Z,,USD_PPP_PS,,V,,LA,,T0102,,2024-Q4,,63118.8,,,,,,F,,1,,A,,0,,USD,
DATAFLOW,OECD.SDD.NAD:DSD_NAMAIN1@DF_QNA_EXPENDITURE_CAPITA(1.1),,I,Q,,Y,,OECD,,S1,,S1,,B1GQ_POP,,_Z,,_Z,,_Z,,USD_PPP_PS,,V,,LA,,T0102,,2025-Q3,,65205.6,,,,,,F,,1,,A,,0,,USD,
DATAFLOW,OECD.SDD.NAD:DSD_NAMAIN1@DF_QNA_EXPENDITURE_CAPITA(1.1),,I,Q,,Y,,OECD,,S1,,S1,,B1GQ_POP,,_Z,,_Z,,_Z,,USD_PPP_PS,,V,,LA,,T0102,,2025-Q2,,64329.6,,,,,,F,,1,,A,,0,,USD,
DATAFLOW,OECD.SDD.NAD:DSD_NAMAIN1@DF_QNA_EXPENDITURE_CAPITA(1.1),,I,Q,,Y,,OECD,,S1,,S1,,B1GQ_POP,,_Z,,_Z,,_Z,,USD_PPP_PS,,LR,,LA,,T0102,,2025-Q3,,52916.4,,2020,,,,F,,1,,A,,0,,USD,
DATAFLOW,OECD.SDD.NAD:DSD_NAMAIN1@DF_QNA_EXPENDITURE_CAPITA(1.1),,I,Q,,Y,,OECD,,S1,,S1,,B1GQ_POP,,_Z,,_Z,,_Z,,USD_PPP_PS,,LR,,LA,,T0102,,2025-Q2,,52645.3,,2020,,,,F,,1,,A,,0,,USD,
DATAFLOW,OECD.SDD.NAD:DSD_NAMAIN1@DF_QNA_EXPENDITURE_CAPITA(1.1),,I,Q,,Y,,USMCA,,S1,,S1,,B1GQ_POP,,_Z,,_Z,,_Z,,USD_PPP_PS,,LR,,LA,,T0102,,2024-Q4,,58154.2,,2020,,,,F,,1,,A,,0,,USD,
DATAFLOW,OECD.SDD.NAD:DSD_NAMAIN1@DF_QNA_EXPENDITURE_CAPITA(1.1),,I,Q,,Y,,ZAF,,S1,,S1,,B1GQ_POP,,_Z,,_Z,,_Z,,USD_PPP_PS,,LR,,LA,,T0102,,2025-Q1,,13604.4,,2020,,,,F,,1,,A,,0,,USD,
DATAFLOW,OECD.SDD.NAD:DSD_NAMAIN1@DF_QNA_EXPENDITURE_CAPITA(1.1),,I,Q,,Y,,OECDE,,S1,,S1,,B1GQ_POP,,_Z,,_Z,,_Z,,USD_PPP_PS,,V,,LA,,T0102,,2025-Q1,,63881.1,,,,,,F,,1,,A,,0,,USD,
DATAFLOW,OECD.SDD.NAD:DSD_NAMAIN1@DF_QNA_EXPENDITURE_CAPITA(1.1),,I,Q,,Y,,OECD,,S1,,S1,,B1GQ_POP,,_Z,,_Z,,_Z,,USD_PPP_PS,,V,,LA,,T0102,,2025-Q1,,63721.6,,,,,,F,,1,,A,,0,,USD,
DATAFLOW,OECD.SDD.NAD:DSD_NAMAIN1@DF_QNA_EXPENDITURE_CAPITA(1.1),,I,Q,,Y,,EU27_2020,,S1,,S1,,B1GQ_POP,,_Z,,_Z,,_Z,,USD_PPP_PS,,LR,,LA,,T0102,,2024-Q4,,49891.7,,2020,,,,F,,1,,A,,0,,USD,
DATAFLOW,OECD.SDD.NAD:DSD_NAMAIN1@DF_QNA_EXPENDITURE_CAPITA(1.1),,I,Q,,Y,,EA20,,S1,,S1,,B1GQ_POP,,_Z,,_Z,,_Z,,USD_PPP_PS,,V,,LA,,T0102,,2025-Q1,,67767.7,,,,,,F,,1,,A,,0,,USD,
DATAFLOW,OECD.SDD.NAD:DSD_NAMAIN1@DF_QNA_EXPENDITURE_CAPITA(1.1),,I,Q,,Y,,SVK,,S1,,S1,,B1GQ_POP,,_Z,,_Z,,_Z,,USD_PPP_PS,,V,,LA,,T0102,,2025-Q4,,50141.2,,,,,,F,,1,,A,,0,,USD,
DATAFLOW,OECD.SDD.NAD:DSD_NAMAIN1@DF_QNA_EXPENDITURE_CAPITA(1.1),,I,Q,,Y,,SVK,,S1,,S1,,B1GQ_POP,,_Z,,_Z,,_Z,,USD_PPP_PS,,V,,LA,,T0102,,2025-Q3,,49513.9,,,,,,F,,1,,A,,0,,USD,
DATAFLOW,OECD.SDD.NAD:DSD_NAMAIN1@DF_QNA_EXPENDITURE_CAPITA(1.1),,I,Q,,Y,,SVK,,S1,,S1,,B1GQ_POP,,_Z,,_Z,,_Z,,USD_PPP_PS,,V,,LA,,T0102,,2025-Q2,,48895,,,,,,F,,1,,A,,0,,USD,
DATAFLOW,OECD.SDD.NAD:DSD_NAMAIN1@DF_QNA_EXPENDITURE_CAPITA(1.1),,I,Q,,Y,,SVK,,S1,,S1,,B1GQ_POP,,_Z,,_Z,,_Z,,USD_PPP_PS,,V,,LA,,T0102,,2025-Q1,,48457.3,,,,,,F,,1,,A,,0,,USD,
DATAFLOW,OECD.SDD.NAD:DSD_NAMAIN1@DF_QNA_EXPENDITURE_CAPITA(1.1),,I,Q,,Y,,SVK,,S1,,S1,,B1GQ_POP,,_Z,,_Z,,_Z,,USD_PPP_PS,,V,,LA,,T0102,,2024-Q4,,47970.4,,,,,,F,,1,,A,,0,,USD,
DATAFLOW,OECD.SDD.NAD:DSD_NAMAIN1@DF_QNA_EXPENDITURE_CAPITA(1.1),,I,Q,,Y,,SVK,,S1,,S1,,B1GQ_POP,,_Z,,_Z,,_Z,,USD_PPP_PS,,LR,,LA,,T0102,,2025-Q2,,39333.7,,2020,,,,F,,1,,A,,0,,USD,
DATAFLOW,OECD.SDD.NAD:DSD_NAMAIN1@DF_QNA_EXPENDITURE_CAPITA(1.1),,I,Q,,Y,,SVK,,S1,,S1,,B1GQ_POP,,_Z,,_Z,,_Z,,USD_PPP_PS,,LR,,LA,,T0102,,2025-Q4,,39558.1,,2020,,,,F,,1,,A,,0,,USD,
DATAFLOW,OECD.SDD.NAD:DSD_NAMAIN1@DF_QNA_EXPENDITURE_CAPITA(1.1),,I,Q,,Y,,SVK,,S1,,S1,,B1GQ_POP,,_Z,,_Z,,_Z,,USD_PPP_PS,,LR,,LA,,T0102,,2025-Q3,,39450.5,,2020,,,,F,,1,,A,,0,,USD,
DATAFLOW,OECD.SDD.NAD:DSD_NAMAIN1@DF_QNA_EXPENDITURE_CAPITA(1.1),,I,Q,,Y,,SVK,,S1,,S1,,B1GQ_POP,,_Z,,_Z,,_Z,,USD_PPP_PS,,LR,,LA,,T0102,,2025-Q1,,39256.8,,2020,,,,F,,1,,A,,0,,USD,
DATAFLOW,OECD.SDD.NAD:DSD_NAMAIN1@DF_QNA_EXPENDITURE_CAPITA(1.1),,I,Q,,Y,,USA,,S1,,S1,,B1GQ_POP,,_Z,,_Z,,_Z,,USD_PPP_PS,,LR,,LA,,T0102,,2024-Q4,,72887.2,,2020,,,,F,,1,,A,,0,,USD,
DATAFLOW,OECD.SDD.NAD:DSD_NAMAIN1@DF_QNA_EXPENDITURE_CAPITA(1.1),,I,Q,,Y,,GBR,,S1,,S1,,B1GQ_POP,,_Z,,_Z,,_Z,,USD_PPP_PS,,V,,LA,,T0102,,2025-Q2,,65026.5,,,,,,F,,1,,A,,0,,USD,
DATAFLOW,OECD.SDD.NAD:DSD_NAMAIN1@DF_QNA_EXPENDITURE_CAPITA(1.1),,I,Q,,Y,,CHE,,S1,,S1,,B1GQ_POP,,_Z,,_Z,,_Z,,USD_PPP_PS,,V,,LA,,T0102,,2025-Q1,,102170.2,,,,,,F,,1,,A,,0,,USD,
DATAFLOW,OECD.SDD.NAD:DSD_NAMAIN1@DF_QNA_EXPENDITURE_CAPITA(1.1),,I,Q,,Y,,SWE,,S1,,S1,,B1GQ_POP,,_Z,,_Z,,_Z,,USD_PPP_PS,,LR,,LA,,T0102,,2025-Q3,,61152.3,,2020,,,,F,,1,,A,,0,,USD,
DATAFLOW,OECD.SDD.NAD:DSD_NAMAIN1@DF_QNA_EXPENDITURE_CAPITA(1.1),,I,Q,,Y,,SVN,,S1,,S1,,B1GQ_POP,,_Z,,_Z,,_Z,,USD_PPP_PS,,LR,,LA,,T0102,,2024-Q4,,48033.4,,2020,,,,F,,1,,A,,0,,USD,
DATAFLOW,OECD.SDD.NAD:DSD_NAMAIN1@DF_QNA_EXPENDITURE_CAPITA(1.1),,I,Q,,Y,,SVK,,S1,,S1,,B1GQ_POP,,_Z,,_Z,,_Z,,USD_PPP_PS,,LR,,LA,,T0102,,2024-Q4,,39194,,2020,,,,F,,1,,A,,0,,USD,
DATAFLOW,OECD.SDD.NAD:DSD_NAMAIN1@DF_QNA_EXPENDITURE_CAPITA(1.1),,I,Q,,Y,,NOR,,S1,,S1,,B1GQ_POP,,_Z,,_Z,,_Z,,USD_PPP_PS,,V,,LA,,T0102,,2024-Q4,,107266.1,,,,,,F,,1,,A,,0,,USD,
DATAFLOW,OECD.SDD.NAD:DSD_NAMAIN1@DF_QNA_EXPENDITURE_CAPITA(1.1),,I,Q,,Y,,NZL,,S1,,S1,,B1GQ_POP,,_Z,,_Z,,_Z,,USD_PPP_PS,,V,,LA,,T0102,,2025-Q4,,57378.6,,,,,,F,,1,,A,,0,,USD,
DATAFLOW,OECD.SDD.NAD:DSD_NAMAIN1@DF_QNA_EXPENDITURE_CAPITA(1.1),,I,Q,,Y,,LUX,,S1,,S1,,B1GQ_POP,,_Z,,_Z,,_Z,,USD_PPP_PS,,V,,LA,,T0102,,2024-Q4,,153391.4,,,,,,F,,1,,A,,0,,USD,
DATAFLOW,OECD.SDD.NAD:DSD_NAMAIN1@DF_QNA_EXPENDITURE_CAPITA(1.1),,I,Q,,Y,,LTU,,S1,,S1,,B1GQ_POP,,_Z,,_Z,,_Z,,USD_PPP_PS,,V,,LA,,T0102,,2025-Q2,,57332.4,,,,,,F,,1,,A,,0,,USD,
DATAFLOW,OECD.SDD.NAD:DSD_NAMAIN1@DF_QNA_EXPENDITURE_CAPITA(1.1),,I,Q,,Y,,LVA,,S1,,S1,,B1GQ_POP,,_Z,,_Z,,_Z,,USD_PPP_PS,,LR,,LA,,T0102,,2024-Q4,,36311.9,,2020,,,,F,,1,,A,,0,,USD,
DATAFLOW,OECD.SDD.NAD:DSD_NAMAIN1@DF_QNA_EXPENDITURE_CAPITA(1.1),,I,Q,,Y,,JPN,,S1,,S1,,B1GQ_POP,,_Z,,_Z,,_Z,,USD_PPP_PS,,LR,,LA,,T0102,,2025-Q4,,47765.3,,2020,,,,F,,1,,A,,0,,USD,
DATAFLOW,OECD.SDD.NAD:DSD_NAMAIN1@DF_QNA_EXPENDITURE_CAPITA(1.1),,I,Q,,Y,,ISR,,S1,,S1,,B1GQ_POP,,_Z,,_Z,,_Z,,USD_PPP_PS,,V,,LA,,T0102,,2025-Q2,,58638.8,,,,,,F,,1,,A,,0,,USD,
DATAFLOW,OECD.SDD.NAD:DSD_NAMAIN1@DF_QNA_EXPENDITURE_CAPITA(1.1),,I,Q,,Y,,IRL,,S1,,S1,,B1GQ_POP,,_Z,,_Z,,_Z,,USD_PPP_PS,,V,,LA,,T0102,,2025-Q4,,152201.5,,,,,,F,,1,,A,,0,,USD,
DATAFLOW,OECD.SDD.NAD:DSD_NAMAIN1@DF_QNA_EXPENDITURE_CAPITA(1.1),,I,Q,,Y,,HUN,,S1,,S1,,B1GQ_POP,,_Z,,_Z,,_Z,,USD_PPP_PS,,LR,,LA,,T0102,,2024-Q4,,40240.8,,2020,,,,F,,1,,A,,0,,USD,
DATAFLOW,OECD.SDD.NAD:DSD_NAMAIN1@DF_QNA_EXPENDITURE_CAPITA(1.1),,I,Q,,Y,,FRA,,S1,,S1,,B1GQ_POP,,_Z,,_Z,,_Z,,USD_PPP_PS,,LR,,LA,,T0102,,2024-Q4,,55085.1,,2020,,,,F,,1,,A,,0,,USD,
DATAFLOW,OECD.SDD.NAD:DSD_NAMAIN1@DF_QNA_EXPENDITURE_CAPITA(1.1),,I,Q,,Y,,FIN,,S1,,S1,,B1GQ_POP,,_Z,,_Z,,_Z,,USD_PPP_PS,,V,,LA,,T0102,,2025-Q3,,66589.8,,,,,,F,,1,,A,,0,,USD,
DATAFLOW,OECD.SDD.NAD:DSD_NAMAIN1@DF_QNA_EXPENDITURE_CAPITA(1.1),,I,Q,,Y,,EST,,S1,,S1,,B1GQ_POP,,_Z,,_Z,,_Z,,USD_PPP_PS,,V,,LA,,T0102,,2024-Q4,,50767.9,,,,,,F,,1,,A,,0,,USD,
DATAFLOW,OECD.SDD.NAD:DSD_NAMAIN1@DF_QNA_EXPENDITURE_CAPITA(1.1),,I,Q,,Y,,DNK,,S1,,S1,,B1GQ_POP,,_Z,,_Z,,_Z,,USD_PPP_PS,,LR,,LA,,T0102,,2025-Q2,,69129.2,,2020,,,,F,,1,,A,,0,,USD,
DATAFLOW,OECD.SDD.NAD:DSD_NAMAIN1@DF_QNA_EXPENDITURE_CAPITA(1.1),,I,Q,,Y,,CZE,,S1,,S1,,B1GQ_POP,,_Z,,_Z,,_Z,,USD_PPP_PS,,V,,LA,,T0102,,2025-Q1,,59491,,,,,,F,,1,,A,,0,,USD,
DATAFLOW,OECD.SDD.NAD:DSD_NAMAIN1@DF_QNA_EXPENDITURE_CAPITA(1.1),,I,Q,,Y,,CRI,,S1,,S1,,B1GQ_POP,,_Z,,_Z,,_Z,,USD_PPP_PS,,V,,LA,,T0102,,2025-Q1,,31531.5,,,,,,F,,1,,A,,0,,USD,
DATAFLOW,OECD.SDD.NAD:DSD_NAMAIN1@DF_QNA_EXPENDITURE_CAPITA(1.1),,I,Q,,Y,,COL,,S1,,S1,,B1GQ_POP,,_Z,,_Z,,_Z,,USD_PPP_PS,,LR,,LA,,T0102,,2025-Q2,,18769,,2020,,,,F,,1,,A,,0,,USD,
DATAFLOW,OECD.SDD.NAD:DSD_NAMAIN1@DF_QNA_EXPENDITURE_CAPITA(1.1),,I,Q,,Y,,CHL,,S1,,S1,,B1GQ_POP,,_Z,,_Z,,_Z,,USD_PPP_PS,,V,,LA,,T0102,,2024-Q4,,36165.8,,,,,,F,,1,,A,,0,,USD,
DATAFLOW,OECD.SDD.NAD:DSD_NAMAIN1@DF_QNA_EXPENDITURE_CAPITA(1.1),,I,Q,,Y,,CAN,,S1,,S1,,B1GQ_POP,,_Z,,_Z,,_Z,,USD_PPP_PS,,LR,,LA,,T0102,,2025-Q1,,52145.7,,2020,,,,F,,1,,A,,0,,USD,
DATAFLOW,OECD.SDD.NAD:DSD_NAMAIN1@DF_QNA_EXPENDITURE_CAPITA(1.1),,I,Q,,Y,,AUT,,S1,,S1,,B1GQ_POP,,_Z,,_Z,,_Z,,USD_PPP_PS,,V,,LA,,T0102,,2024-Q4,,76308.1,,,,,,F,,1,,A,,0,,USD,
DATAFLOW,OECD.SDD.NAD:DSD_NAMAIN1@DF_QNA_EXPENDITURE_CAPITA(1.1),,I,Q,,Y,,AUS,,S1,,S1,,B1GQ_POP,,_Z,,_Z,,_Z,,USD_PPP_PS,,V,,LA,,T0102,,2025-Q2,,75112.9,,,,,,F,,1,,A,,0,,USD,
DATAFLOW,OECD.SDD.NAD:DSD_NAMAIN1@DF_QNA_EXPENDITURE_CAPITA(1.1),,I,Q,,Y,,USMCA,,S1,,S1,,B1GQ_POP,,_Z,,_Z,,_Z,,USD_PPP_PS,,V,,LA,,T0102,,2025-Q3,,72775,,,,,,F,,1,,A,,0,,USD,
DATAFLOW,OECD.SDD.NAD:DSD_NAMAIN1@DF_QNA_EXPENDITURE_CAPITA(1.1),,I,Q,,Y,,USMCA,,S1,,S1,,B1GQ_POP,,_Z,,_Z,,_Z,,USD_PPP_PS,,V,,LA,,T0102,,2025-Q2,,71518,,,,,,F,,1,,A,,0,,USD,
DATAFLOW,OECD.SDD.NAD:DSD_NAMAIN1@DF_QNA_EXPENDITURE_CAPITA(1.1),,I,Q,,Y,,USMCA,,S1,,S1,,B1GQ_POP,,_Z,,_Z,,_Z,,USD_PPP_PS,,V,,LA,,T0102,,2025-Q1,,70652.9,,,,,,F,,1,,A,,0,,USD,
DATAFLOW,OECD.SDD.NAD:DSD_NAMAIN1@DF_QNA_EXPENDITURE_CAPITA(1.1),,I,Q,,Y,,USMCA,,S1,,S1,,B1GQ_POP,,_Z,,_Z,,_Z,,USD_PPP_PS,,V,,LA,,T0102,,2024-Q4,,70145.6,,,,,,F,,1,,A,,0,,USD,
DATAFLOW,OECD.SDD.NAD:DSD_NAMAIN1@DF_QNA_EXPENDITURE_CAPITA(1.1),,I,Q,,Y,,USMCA,,S1,,S1,,B1GQ_POP,,_Z,,_Z,,_Z,,USD_PPP_PS,,V,,LA,,T0102,,2025-Q4,,73552.2,,,,,,F,,1,,A,,0,,USD,
DATAFLOW,OECD.SDD.NAD:DSD_NAMAIN1@DF_QNA_EXPENDITURE_CAPITA(1.1),,I,Q,,Y,,USMCA,,S1,,S1,,B1GQ_POP,,_Z,,_Z,,_Z,,USD_PPP_PS,,LR,,LA,,T0102,,2025-Q4,,59009.3,,2020,,,,F,,1,,A,,0,,USD,
DATAFLOW,OECD.SDD.NAD:DSD_NAMAIN1@DF_QNA_EXPENDITURE_CAPITA(1.1),,I,Q,,Y,,USMCA,,S1,,S1,,B1GQ_POP,,_Z,,_Z,,_Z,,USD_PPP_PS,,LR,,LA,,T0102,,2025-Q3,,58937.1,,2020,,,,F,,1,,A,,0,,USD,
DATAFLOW,OECD.SDD.NAD:DSD_NAMAIN1@DF_QNA_EXPENDITURE_CAPITA(1.1),,I,Q,,Y,,USMCA,,S1,,S1,,B1GQ_POP,,_Z,,_Z,,_Z,,USD_PPP_PS,,LR,,LA,,T0102,,2025-Q2,,58456.5,,2020,,,,F,,1,,A,,0,,USD,
DATAFLOW,OECD.SDD.NAD:DSD_NAMAIN1@DF_QNA_EXPENDITURE_CAPITA(1.1),,I,Q,,Y,,USMCA,,S1,,S1,,B1GQ_POP,,_Z,,_Z,,_Z,,USD_PPP_PS,,LR,,LA,,T0102,,2025-Q1,,58052,,2020,,,,F,,1,,A,,0,,USD,
DATAFLOW,OECD.SDD.NAD:DSD_NAMAIN1@DF_QNA_EXPENDITURE_CAPITA(1.1),,I,Q,,Y,,ITA,,S1,,S1,,B1GQ_POP,,_Z,,_Z,,_Z,,USD_PPP_PS,,V,,LA,,T0102,,2025-Q1,,62795.4,,,,,,F,,1,,E,,0,,USD,
DATAFLOW,OECD.SDD.NAD:DSD_NAMAIN1@DF_QNA_EXPENDITURE_CAPITA(1.1),,I,Q,,Y,,ITA,,S1,,S1,,B1GQ_POP,,_Z,,_Z,,_Z,,USD_PPP_PS,,LR,,LA,,T0102,,2025-Q3,,52341.8,,2020,,,,F,,1,,E,,0,,USD,
DATAFLOW,OECD.SDD.NAD:DSD_NAMAIN1@DF_QNA_EXPENDITURE_CAPITA(1.1),,I,Q,,Y,,ITA,,S1,,S1,,B1GQ_POP,,_Z,,_Z,,_Z,,USD_PPP_PS,,LR,,LA,,T0102,,2025-Q2,,52233.9,,2020,,,,F,,1,,E,,0,,USD,
DATAFLOW,OECD.SDD.NAD:DSD_NAMAIN1@DF_QNA_EXPENDITURE_CAPITA(1.1),,I,Q,,Y,,ITA,,S1,,S1,,B1GQ_POP,,_Z,,_Z,,_Z,,USD_PPP_PS,,LR,,LA,,T0102,,2025-Q1,,52217,,2020,,,,F,,1,,E,,0,,USD,
DATAFLOW,OECD.SDD.NAD:DSD_NAMAIN1@DF_QNA_EXPENDITURE_CAPITA(1.1),,I,Q,,Y,,KOR,,S1,,S1,,B1GQ_POP,,_Z,,_Z,,_Z,,USD_PPP_PS,,V,,LA,,T0102,,2025-Q2,,62659.7,,,,,,F,,1,,E,,0,,USD,
DATAFLOW,OECD.SDD.NAD:DSD_NAMAIN1@DF_QNA_EXPENDITURE_CAPITA(1.1),,I,Q,,Y,,KOR,,S1,,S1,,B1GQ_POP,,_Z,,_Z,,_Z,,USD_PPP_PS,,V,,LA,,T0102,,2025-Q1,,61942.8,,,,,,F,,1,,E,,0,,USD,
DATAFLOW,OECD.SDD.NAD:DSD_NAMAIN1@DF_QNA_EXPENDITURE_CAPITA(1.1),,I,Q,,Y,,KOR,,S1,,S1,,B1GQ_POP,,_Z,,_Z,,_Z,,USD_PPP_PS,,V,,LA,,T0102,,2024-Q4,,61817,,,,,,F,,1,,E,,0,,USD,
DATAFLOW,OECD.SDD.NAD:DSD_NAMAIN1@DF_QNA_EXPENDITURE_CAPITA(1.1),,I,Q,,Y,,KOR,,S1,,S1,,B1GQ_POP,,_Z,,_Z,,_Z,,USD_PPP_PS,,LR,,LA,,T0102,,2025-Q3,,54263.4,,2020,,,,F,,1,,E,,0,,USD,
DATAFLOW,OECD.SDD.NAD:DSD_NAMAIN1@DF_QNA_EXPENDITURE_CAPITA(1.1),,I,Q,,Y,,KOR,,S1,,S1,,B1GQ_POP,,_Z,,_Z,,_Z,,USD_PPP_PS,,LR,,LA,,T0102,,2025-Q2,,53579.8,,2020,,,,F,,1,,E,,0,,USD,
DATAFLOW,OECD.SDD.NAD:DSD_NAMAIN1@DF_QNA_EXPENDITURE_CAPITA(1.1),,I,Q,,Y,,KOR,,S1,,S1,,B1GQ_POP,,_Z,,_Z,,_Z,,USD_PPP_PS,,LR,,LA,,T0102,,2025-Q1,,53248.3,,2020,,,,F,,1,,E,,0,,USD,
DATAFLOW,OECD.SDD.NAD:DSD_NAMAIN1@DF_QNA_EXPENDITURE_CAPITA(1.1),,I,Q,,Y,,KOR,,S1,,S1,,B1GQ_POP,,_Z,,_Z,,_Z,,USD_PPP_PS,,LR,,LA,,T0102,,2024-Q4,,53405.9,,2020,,,,F,,1,,E,,0,,USD,
DATAFLOW,OECD.SDD.NAD:DSD_NAMAIN1@DF_QNA_EXPENDITURE_CAPITA(1.1),,I,Q,,Y,,ITA,,S1,,S1,,B1GQ_POP,,_Z,,_Z,,_Z,,USD_PPP_PS,,LR,,LA,,T0102,,2025-Q4,,52456.7,,2020,,,,F,,1,,E,,0,,USD,
DATAFLOW,OECD.SDD.NAD:DSD_NAMAIN1@DF_QNA_EXPENDITURE_CAPITA(1.1),,I,Q,,Y,,KOR,,S1,,S1,,B1GQ_POP,,_Z,,_Z,,_Z,,USD_PPP_PS,,V,,LA,,T0102,,2025-Q3,,63802.6,,,,,,F,,1,,E,,0,,USD,
DATAFLOW,OECD.SDD.NAD:DSD_NAMAIN1@DF_QNA_EXPENDITURE_CAPITA(1.1),,I,Q,,Y,,ITA,,S1,,S1,,B1GQ_POP,,_Z,,_Z,,_Z,,USD_PPP_PS,,V,,LA,,T0102,,2025-Q4,,63925.9,,,,,,F,,1,,E,,0,,USD,
DATAFLOW,OECD.SDD.NAD:DSD_NAMAIN1@DF_QNA_EXPENDITURE_CAPITA(1.1),,I,Q,,Y,,ITA,,S1,,S1,,B1GQ_POP,,_Z,,_Z,,_Z,,USD_PPP_PS,,V,,LA,,T0102,,2025-Q3,,63291.1,,,,,,F,,1,,E,,0,,USD,
DATAFLOW,OECD.SDD.NAD:DSD_NAMAIN1@DF_QNA_EXPENDITURE_CAPITA(1.1),,I,Q,,Y,,FIN,,S1,,S1,,B1GQ_POP,,_Z,,_Z,,_Z,,USD_PPP_PS,,LR,,LA,,T0102,,2025-Q4,,53591,,2020,,,,F,,1,,A,,0,,USD,
DATAFLOW,OECD.SDD.NAD:DSD_NAMAIN1@DF_QNA_EXPENDITURE_CAPITA(1.1),,I,Q,,Y,,FIN,,S1,,S1,,B1GQ_POP,,_Z,,_Z,,_Z,,USD_PPP_PS,,LR,,LA,,T0102,,2025-Q3,,53498,,2020,,,,F,,1,,A,,0,,USD,
DATAFLOW,OECD.SDD.NAD:DSD_NAMAIN1@DF_QNA_EXPENDITURE_CAPITA(1.1),,I,Q,,Y,,FIN,,S1,,S1,,B1GQ_POP,,_Z,,_Z,,_Z,,USD_PPP_PS,,LR,,LA,,T0102,,2024-Q4,,53683.2,,2020,,,,F,,1,,A,,0,,USD,
DATAFLOW,OECD.SDD.NAD:DSD_NAMAIN1@DF_QNA_EXPENDITURE_CAPITA(1.1),,I,Q,,Y,,FIN,,S1,,S1,,B1GQ_POP,,_Z,,_Z,,_Z,,USD_PPP_PS,,V,,LA,,T0102,,2025-Q4,,67306.4,,,,,,F,,1,,A,,0,,USD,
DATAFLOW,OECD.SDD.NAD:DSD_NAMAIN1@DF_QNA_EXPENDITURE_CAPITA(1.1),,I,Q,,Y,,ZAF,,S1,,S1,,B1GQ_POP,,_Z,,_Z,,_Z,,USD_PPP_PS,,V,,LA,,T0102,,2024-Q4,,16339.3,,,,,,F,,1,,A,,0,,USD,
DATAFLOW,OECD.SDD.NAD:DSD_NAMAIN1@DF_QNA_EXPENDITURE_CAPITA(1.1),,I,Q,,Y,,ZAF,,S1,,S1,,B1GQ_POP,,_Z,,_Z,,_Z,,USD_PPP_PS,,V,,LA,,T0102,,2025-Q4,,16964.3,,,,,,F,,1,,A,,0,,USD,
DATAFLOW,OECD.SDD.NAD:DSD_NAMAIN1@DF_QNA_EXPENDITURE_CAPITA(1.1),,I,Q,,Y,,ZAF,,S1,,S1,,B1GQ_POP,,_Z,,_Z,,_Z,,USD_PPP_PS,,V,,LA,,T0102,,2025-Q3,,16782.1,,,,,,F,,1,,A,,0,,USD,
DATAFLOW,OECD.SDD.NAD:DSD_NAMAIN1@DF_QNA_EXPENDITURE_CAPITA(1.1),,I,Q,,Y,,ZAF,,S1,,S1,,B1GQ_POP,,_Z,,_Z,,_Z,,USD_PPP_PS,,LR,,LA,,T0102,,2025-Q4,,13696.4,,2020,,,,F,,1,,A,,0,,USD,
DATAFLOW,OECD.SDD.NAD:DSD_NAMAIN1@DF_QNA_EXPENDITURE_CAPITA(1.1),,I,Q,,Y,,HUN,,S1,,S1,,B1GQ_POP,,_Z,,_Z,,_Z,,USD_PPP_PS,,V,,LA,,T0102,,2025-Q1,,49422.8,,,,,,F,,1,,P,,0,,USD,
DATAFLOW,OECD.SDD.NAD:DSD_NAMAIN1@DF_QNA_EXPENDITURE_CAPITA(1.1),,I,Q,,Y,,GRC,,S1,,S1,,B1GQ_POP,,_Z,,_Z,,_Z,,USD_PPP_PS,,V,,LA,,T0102,,2024-Q4,,43998.4,,,,,,F,,1,,P,,0,,USD,
DATAFLOW,OECD.SDD.NAD:DSD_NAMAIN1@DF_QNA_EXPENDITURE_CAPITA(1.1),,I,Q,,Y,,GRC,,S1,,S1,,B1GQ_POP,,_Z,,_Z,,_Z,,USD_PPP_PS,,V,,LA,,T0102,,2025-Q4,,45882.2,,,,,,F,,1,,P,,0,,USD,
DATAFLOW,OECD.SDD.NAD:DSD_NAMAIN1@DF_QNA_EXPENDITURE_CAPITA(1.1),,I,Q,,Y,,GRC,,S1,,S1,,B1GQ_POP,,_Z,,_Z,,_Z,,USD_PPP_PS,,V,,LA,,T0102,,2025-Q3,,45145.5,,,,,,F,,1,,P,,0,,USD,
DATAFLOW,OECD.SDD.NAD:DSD_NAMAIN1@DF_QNA_EXPENDITURE_CAPITA(1.1),,I,Q,,Y,,GRC,,S1,,S1,,B1GQ_POP,,_Z,,_Z,,_Z,,USD_PPP_PS,,V,,LA,,T0102,,2025-Q2,,44565.2,,,,,,F,,1,,P,,0,,USD,
DATAFLOW,OECD.SDD.NAD:DSD_NAMAIN1@DF_QNA_EXPENDITURE_CAPITA(1.1),,I,Q,,Y,,GRC,,S1,,S1,,B1GQ_POP,,_Z,,_Z,,_Z,,USD_PPP_PS,,V,,LA,,T0102,,2025-Q1,,44327.4,,,,,,F,,1,,P,,0,,USD,
DATAFLOW,OECD.SDD.NAD:DSD_NAMAIN1@DF_QNA_EXPENDITURE_CAPITA(1.1),,I,Q,,Y,,GRC,,S1,,S1,,B1GQ_POP,,_Z,,_Z,,_Z,,USD_PPP_PS,,LR,,LA,,T0102,,2025-Q4,,36915.3,,2020,,,,F,,1,,P,,0,,USD,
DATAFLOW,OECD.SDD.NAD:DSD_NAMAIN1@DF_QNA_EXPENDITURE_CAPITA(1.1),,I,Q,,Y,,GRC,,S1,,S1,,B1GQ_POP,,_Z,,_Z,,_Z,,USD_PPP_PS,,LR,,LA,,T0102,,2025-Q3,,36648.1,,2020,,,,F,,1,,P,,0,,USD,
DATAFLOW,OECD.SDD.NAD:DSD_NAMAIN1@DF_QNA_EXPENDITURE_CAPITA(1.1),,I,Q,,Y,,GRC,,S1,,S1,,B1GQ_POP,,_Z,,_Z,,_Z,,USD_PPP_PS,,LR,,LA,,T0102,,2025-Q2,,36423.9,,2020,,,,F,,1,,P,,0,,USD,
DATAFLOW,OECD.SDD.NAD:DSD_NAMAIN1@DF_QNA_EXPENDITURE_CAPITA(1.1),,I,Q,,Y,,GRC,,S1,,S1,,B1GQ_POP,,_Z,,_Z,,_Z,,USD_PPP_PS,,LR,,LA,,T0102,,2025-Q1,,36270.6,,2020,,,,F,,1,,P,,0,,USD,
DATAFLOW,OECD.SDD.NAD:DSD_NAMAIN1@DF_QNA_EXPENDITURE_CAPITA(1.1),,I,Q,,Y,,DEU,,S1,,S1,,B1GQ_POP,,_Z,,_Z,,_Z,,USD_PPP_PS,,LR,,LA,,T0102,,2025-Q1,,61268.7,,2020,,,,F,,1,,P,,0,,USD,
DATAFLOW,OECD.SDD.NAD:DSD_NAMAIN1@DF_QNA_EXPENDITURE_CAPITA(1.1),,I,Q,,Y,,DEU,,S1,,S1,,B1GQ_POP,,_Z,,_Z,,_Z,,USD_PPP_PS,,V,,LA,,T0102,,2025-Q3,,76123.5,,,,,,F,,1,,P,,0,,USD,
DATAFLOW,OECD.SDD.NAD:DSD_NAMAIN1@DF_QNA_EXPENDITURE_CAPITA(1.1),,I,Q,,Y,,DEU,,S1,,S1,,B1GQ_POP,,_Z,,_Z,,_Z,,USD_PPP_PS,,V,,LA,,T0102,,2025-Q2,,75491.3,,,,,,F,,1,,P,,0,,USD,
DATAFLOW,OECD.SDD.NAD:DSD_NAMAIN1@DF_QNA_EXPENDITURE_CAPITA(1.1),,I,Q,,Y,,DEU,,S1,,S1,,B1GQ_POP,,_Z,,_Z,,_Z,,USD_PPP_PS,,V,,LA,,T0102,,2025-Q1,,75371.3,,,,,,F,,1,,P,,0,,USD,
DATAFLOW,OECD.SDD.NAD:DSD_NAMAIN1@DF_QNA_EXPENDITURE_CAPITA(1.1),,I,Q,,Y,,DEU,,S1,,S1,,B1GQ_POP,,_Z,,_Z,,_Z,,USD_PPP_PS,,LR,,LA,,T0102,,2024-Q4,,61049.6,,2020,,,,F,,1,,P,,0,,USD,
DATAFLOW,OECD.SDD.NAD:DSD_NAMAIN1@DF_QNA_EXPENDITURE_CAPITA(1.1),,I,Q,,Y,,DEU,,S1,,S1,,B1GQ_POP,,_Z,,_Z,,_Z,,USD_PPP_PS,,LR,,LA,,T0102,,2025-Q2,,61166.5,,2020,,,,F,,1,,P,,0,,USD,
DATAFLOW,OECD.SDD.NAD:DSD_NAMAIN1@DF_QNA_EXPENDITURE_CAPITA(1.1),,I,Q,,Y,,DEU,,S1,,S1,,B1GQ_POP,,_Z,,_Z,,_Z,,USD_PPP_PS,,V,,LA,,T0102,,2025-Q4,,77052.8,,,,,,F,,1,,P,,0,,USD,
DATAFLOW,OECD.SDD.NAD:DSD_NAMAIN1@DF_QNA_EXPENDITURE_CAPITA(1.1),,I,Q,,Y,,NLD,,S1,,S1,,B1GQ_POP,,_Z,,_Z,,_Z,,USD_PPP_PS,,LR,,LA,,T0102,,2025-Q1,,68566.5,,2020,,,,F,,1,,P,,0,,USD,
DATAFLOW,OECD.SDD.NAD:DSD_NAMAIN1@DF_QNA_EXPENDITURE_CAPITA(1.1),,I,Q,,Y,,NLD,,S1,,S1,,B1GQ_POP,,_Z,,_Z,,_Z,,USD_PPP_PS,,V,,LA,,T0102,,2025-Q2,,87496.5,,,,,,F,,1,,P,,0,,USD,
DATAFLOW,OECD.SDD.NAD:DSD_NAMAIN1@DF_QNA_EXPENDITURE_CAPITA(1.1),,I,Q,,Y,,NLD,,S1,,S1,,B1GQ_POP,,_Z,,_Z,,_Z,,USD_PPP_PS,,V,,LA,,T0102,,2024-Q4,,86761.7,,,,,,F,,1,,P,,0,,USD,
DATAFLOW,OECD.SDD.NAD:DSD_NAMAIN1@DF_QNA_EXPENDITURE_CAPITA(1.1),,I,Q,,Y,,NLD,,S1,,S1,,B1GQ_POP,,_Z,,_Z,,_Z,,USD_PPP_PS,,LR,,LA,,T0102,,2024-Q4,,68436.5,,2020,,,,F,,1,,P,,0,,USD,
DATAFLOW,OECD.SDD.NAD:DSD_NAMAIN1@DF_QNA_EXPENDITURE_CAPITA(1.1),,I,Q,,Y,,NLD,,S1,,S1,,B1GQ_POP,,_Z,,_Z,,_Z,,USD_PPP_PS,,LR,,LA,,T0102,,2025-Q2,,68759.5,,2020,,,,F,,1,,P,,0,,USD,
DATAFLOW,OECD.SDD.NAD:DSD_NAMAIN1@DF_QNA_EXPENDITURE_CAPITA(1.1),,I,Q,,Y,,NLD,,S1,,S1,,B1GQ_POP,,_Z,,_Z,,_Z,,USD_PPP_PS,,V,,LA,,T0102,,2025-Q1,,87268.9,,,,,,F,,1,,P,,0,,USD,
DATAFLOW,OECD.SDD.NAD:DSD_NAMAIN1@DF_QNA_EXPENDITURE_CAPITA(1.1),,I,Q,,Y,,NLD,,S1,,S1,,B1GQ_POP,,_Z,,_Z,,_Z,,USD_PPP_PS,,LR,,LA,,T0102,,2025-Q4,,69245.9,,2020,,,,F,,1,,P,,0,,USD,
DATAFLOW,OECD.SDD.NAD:DSD_NAMAIN1@DF_QNA_EXPENDITURE_CAPITA(1.1),,I,Q,,Y,,NLD,,S1,,S1,,B1GQ_POP,,_Z,,_Z,,_Z,,USD_PPP_PS,,LR,,LA,,T0102,,2025-Q3,,68941.8,,2020,,,,F,,1,,P,,0,,USD,
DATAFLOW,OECD.SDD.NAD:DSD_NAMAIN1@DF_QNA_EXPENDITURE_CAPITA(1.1),,I,Q,,Y,,MEX,,S1,,S1,,B1GQ_POP,,_Z,,_Z,,_Z,,USD_PPP_PS,,V,,LA,,T0102,,2024-Q4,,26021.4,,,,,,F,,1,,P,,0,,USD,
DATAFLOW,OECD.SDD.NAD:DSD_NAMAIN1@DF_QNA_EXPENDITURE_CAPITA(1.1),,I,Q,,Y,,MEX,,S1,,S1,,B1GQ_POP,,_Z,,_Z,,_Z,,USD_PPP_PS,,V,,LA,,T0102,,2025-Q4,,27256.3,,,,,,F,,1,,P,,0,,USD,
DATAFLOW,OECD.SDD.NAD:DSD_NAMAIN1@DF_QNA_EXPENDITURE_CAPITA(1.1),,I,Q,,Y,,MEX,,S1,,S1,,B1GQ_POP,,_Z,,_Z,,_Z,,USD_PPP_PS,,V,,LA,,T0102,,2025-Q3,,26814.7,,,,,,F,,1,,P,,0,,USD,
DATAFLOW,OECD.SDD.NAD:DSD_NAMAIN1@DF_QNA_EXPENDITURE_CAPITA(1.1),,I,Q,,Y,,MEX,,S1,,S1,,B1GQ_POP,,_Z,,_Z,,_Z,,USD_PPP_PS,,V,,LA,,T0102,,2025-Q2,,26580.9,,,,,,F,,1,,P,,0,,USD,
DATAFLOW,OECD.SDD.NAD:DSD_NAMAIN1@DF_QNA_EXPENDITURE_CAPITA(1.1),,I,Q,,Y,,MEX,,S1,,S1,,B1GQ_POP,,_Z,,_Z,,_Z,,USD_PPP_PS,,V,,LA,,T0102,,2025-Q1,,26330.1,,,,,,F,,1,,P,,0,,USD,
DATAFLOW,OECD.SDD.NAD:DSD_NAMAIN1@DF_QNA_EXPENDITURE_CAPITA(1.1),,I,Q,,Y,,MEX,,S1,,S1,,B1GQ_POP,,_Z,,_Z,,_Z,,USD_PPP_PS,,LR,,LA,,T0102,,2025-Q2,,21706.2,,2020,,,,F,,1,,P,,0,,USD,
DATAFLOW,OECD.SDD.NAD:DSD_NAMAIN1@DF_QNA_EXPENDITURE_CAPITA(1.1),,I,Q,,Y,,MEX,,S1,,S1,,B1GQ_POP,,_Z,,_Z,,_Z,,USD_PPP_PS,,LR,,LA,,T0102,,2025-Q1,,21622.9,,2020,,,,F,,1,,P,,0,,USD,
DATAFLOW,OECD.SDD.NAD:DSD_NAMAIN1@DF_QNA_EXPENDITURE_CAPITA(1.1),,I,Q,,Y,,MEX,,S1,,S1,,B1GQ_POP,,_Z,,_Z,,_Z,,USD_PPP_PS,,LR,,LA,,T0102,,2024-Q4,,21570.4,,2020,,,,F,,1,,P,,0,,USD,
DATAFLOW,OECD.SDD.NAD:DSD_NAMAIN1@DF_QNA_EXPENDITURE_CAPITA(1.1),,I,Q,,Y,,MEX,,S1,,S1,,B1GQ_POP,,_Z,,_Z,,_Z,,USD_PPP_PS,,LR,,LA,,T0102,,2025-Q4,,21837.1,,2020,,,,F,,1,,P,,0,,USD,
DATAFLOW,OECD.SDD.NAD:DSD_NAMAIN1@DF_QNA_EXPENDITURE_CAPITA(1.1),,I,Q,,Y,,LUX,,S1,,S1,,B1GQ_POP,,_Z,,_Z,,_Z,,USD_PPP_PS,,V,,LA,,T0102,,2025-Q4,,159593.3,,,,,,F,,1,,P,,0,,USD,
DATAFLOW,OECD.SDD.NAD:DSD_NAMAIN1@DF_QNA_EXPENDITURE_CAPITA(1.1),,I,Q,,Y,,LUX,,S1,,S1,,B1GQ_POP,,_Z,,_Z,,_Z,,USD_PPP_PS,,V,,LA,,T0102,,2025-Q3,,158984.7,,,,,,F,,1,,P,,0,,USD,
DATAFLOW,OECD.SDD.NAD:DSD_NAMAIN1@DF_QNA_EXPENDITURE_CAPITA(1.1),,I,Q,,Y,,LUX,,S1,,S1,,B1GQ_POP,,_Z,,_Z,,_Z,,USD_PPP_PS,,V,,LA,,T0102,,2025-Q2,,156365.5,,,,,,F,,1,,P,,0,,USD,
DATAFLOW,OECD.SDD.NAD:DSD_NAMAIN1@DF_QNA_EXPENDITURE_CAPITA(1.1),,I,Q,,Y,,LUX,,S1,,S1,,B1GQ_POP,,_Z,,_Z,,_Z,,USD_PPP_PS,,V,,LA,,T0102,,2025-Q1,,155029.8,,,,,,F,,1,,P,,0,,USD,
DATAFLOW,OECD.SDD.NAD:DSD_NAMAIN1@DF_QNA_EXPENDITURE_CAPITA(1.1),,I,Q,,Y,,LUX,,S1,,S1,,B1GQ_POP,,_Z,,_Z,,_Z,,USD_PPP_PS,,LR,,LA,,T0102,,2025-Q2,,119487.2,,2020,,,,F,,1,,P,,0,,USD,
DATAFLOW,OECD.SDD.NAD:DSD_NAMAIN1@DF_QNA_EXPENDITURE_CAPITA(1.1),,I,Q,,Y,,LUX,,S1,,S1,,B1GQ_POP,,_Z,,_Z,,_Z,,USD_PPP_PS,,LR,,LA,,T0102,,2025-Q1,,119065,,2020,,,,F,,1,,P,,0,,USD,
DATAFLOW,OECD.SDD.NAD:DSD_NAMAIN1@DF_QNA_EXPENDITURE_CAPITA(1.1),,I,Q,,Y,,LUX,,S1,,S1,,B1GQ_POP,,_Z,,_Z,,_Z,,USD_PPP_PS,,LR,,LA,,T0102,,2025-Q4,,119997.2,,2020,,,,F,,1,,P,,0,,USD,
DATAFLOW,OECD.SDD.NAD:DSD_NAMAIN1@DF_QNA_EXPENDITURE_CAPITA(1.1),,I,Q,,Y,,LUX,,S1,,S1,,B1GQ_POP,,_Z,,_Z,,_Z,,USD_PPP_PS,,LR,,LA,,T0102,,2025-Q3,,120524.6,,2020,,,,F,,1,,P,,0,,USD,
DATAFLOW,OECD.SDD.NAD:DSD_NAMAIN1@DF_QNA_EXPENDITURE_CAPITA(1.1),,I,Q,,Y,,ISL,,S1,,S1,,B1GQ_POP,,_Z,,_Z,,_Z,,USD_PPP_PS,,V,,LA,,T0102,,2025-Q4,,86206.8,,,,,,F,,1,,P,,0,,USD,
DATAFLOW,OECD.SDD.NAD:DSD_NAMAIN1@DF_QNA_EXPENDITURE_CAPITA(1.1),,I,Q,,Y,,ISL,,S1,,S1,,B1GQ_POP,,_Z,,_Z,,_Z,,USD_PPP_PS,,V,,LA,,T0102,,2025-Q3,,86311,,,,,,F,,1,,P,,0,,USD,
DATAFLOW,OECD.SDD.NAD:DSD_NAMAIN1@DF_QNA_EXPENDITURE_CAPITA(1.1),,I,Q,,Y,,ISL,,S1,,S1,,B1GQ_POP,,_Z,,_Z,,_Z,,USD_PPP_PS,,V,,LA,,T0102,,2025-Q2,,84768.2,,,,,,F,,1,,P,,0,,USD,
DATAFLOW,OECD.SDD.NAD:DSD_NAMAIN1@DF_QNA_EXPENDITURE_CAPITA(1.1),,I,Q,,Y,,ISL,,S1,,S1,,B1GQ_POP,,_Z,,_Z,,_Z,,USD_PPP_PS,,V,,LA,,T0102,,2025-Q1,,85601.2,,,,,,F,,1,,P,,0,,USD,
DATAFLOW,OECD.SDD.NAD:DSD_NAMAIN1@DF_QNA_EXPENDITURE_CAPITA(1.1),,I,Q,,Y,,ISL,,S1,,S1,,B1GQ_POP,,_Z,,_Z,,_Z,,USD_PPP_PS,,V,,LA,,T0102,,2024-Q4,,82691,,,,,,F,,1,,P,,0,,USD,
DATAFLOW,OECD.SDD.NAD:DSD_NAMAIN1@DF_QNA_EXPENDITURE_CAPITA(1.1),,I,Q,,Y,,ISL,,S1,,S1,,B1GQ_POP,,_Z,,_Z,,_Z,,USD_PPP_PS,,LR,,LA,,T0102,,2025-Q4,,63373.2,,2020,,,,F,,1,,P,,0,,USD,
DATAFLOW,OECD.SDD.NAD:DSD_NAMAIN1@DF_QNA_EXPENDITURE_CAPITA(1.1),,I,Q,,Y,,ISL,,S1,,S1,,B1GQ_POP,,_Z,,_Z,,_Z,,USD_PPP_PS,,LR,,LA,,T0102,,2025-Q3,,64083.1,,2020,,,,F,,1,,P,,0,,USD,
DATAFLOW,OECD.SDD.NAD:DSD_NAMAIN1@DF_QNA_EXPENDITURE_CAPITA(1.1),,I,Q,,Y,,ISL,,S1,,S1,,B1GQ_POP,,_Z,,_Z,,_Z,,USD_PPP_PS,,LR,,LA,,T0102,,2025-Q2,,63475.9,,2020,,,,F,,1,,P,,0,,USD,
DATAFLOW,OECD.SDD.NAD:DSD_NAMAIN1@DF_QNA_EXPENDITURE_CAPITA(1.1),,I,Q,,Y,,ISL,,S1,,S1,,B1GQ_POP,,_Z,,_Z,,_Z,,USD_PPP_PS,,LR,,LA,,T0102,,2025-Q1,,64388.6,,2020,,,,F,,1,,P,,0,,USD,
DATAFLOW,OECD.SDD.NAD:DSD_NAMAIN1@DF_QNA_EXPENDITURE_CAPITA(1.1),,I,Q,,Y,,HUN,,S1,,S1,,B1GQ_POP,,_Z,,_Z,,_Z,,USD_PPP_PS,,LR,,LA,,T0102,,2025-Q4,,40732.5,,2020,,,,F,,1,,P,,0,,USD,
DATAFLOW,OECD.SDD.NAD:DSD_NAMAIN1@DF_QNA_EXPENDITURE_CAPITA(1.1),,I,Q,,Y,,HUN,,S1,,S1,,B1GQ_POP,,_Z,,_Z,,_Z,,USD_PPP_PS,,LR,,LA,,T0102,,2025-Q3,,40644.4,,2020,,,,F,,1,,P,,0,,USD,
DATAFLOW,OECD.SDD.NAD:DSD_NAMAIN1@DF_QNA_EXPENDITURE_CAPITA(1.1),,I,Q,,Y,,HUN,,S1,,S1,,B1GQ_POP,,_Z,,_Z,,_Z,,USD_PPP_PS,,V,,LA,,T0102,,2025-Q4,,51003.9,,,,,,F,,1,,P,,0,,USD,
DATAFLOW,OECD.SDD.NAD:DSD_NAMAIN1@DF_QNA_EXPENDITURE_CAPITA(1.1),,I,Q,,Y,,HUN,,S1,,S1,,B1GQ_POP,,_Z,,_Z,,_Z,,USD_PPP_PS,,V,,LA,,T0102,,2025-Q3,,50449.1,,,,,,F,,1,,P,,0,,USD,
DATAFLOW,OECD.SDD.NAD:DSD_NAMAIN1@DF_QNA_EXPENDITURE_CAPITA(1.1),,I,Q,,Y,,HUN,,S1,,S1,,B1GQ_POP,,_Z,,_Z,,_Z,,USD_PPP_PS,,LR,,LA,,T0102,,2025-Q2,,40567.1,,2020,,,,F,,1,,P,,0,,USD,
DATAFLOW,OECD.SDD.NAD:DSD_NAMAIN1@DF_QNA_EXPENDITURE_CAPITA(1.1),,I,Q,,Y,,BGR,,S1,,S1,,B1GQ_POP,,_Z,,_Z,,_Z,,USD_PPP_PS,,LR,,LA,,T0102,,2025-Q3,,31989.1,,2020,,,,F,,1,,P,,0,,USD,
DATAFLOW,OECD.SDD.NAD:DSD_NAMAIN1@DF_QNA_EXPENDITURE_CAPITA(1.1),,I,Q,,Y,,BGR,,S1,,S1,,B1GQ_POP,,_Z,,_Z,,_Z,,USD_PPP_PS,,LR,,LA,,T0102,,2025-Q2,,31750.4,,2020,,,,F,,1,,P,,0,,USD,
DATAFLOW,OECD.SDD.NAD:DSD_NAMAIN1@DF_QNA_EXPENDITURE_CAPITA(1.1),,I,Q,,Y,,BGR,,S1,,S1,,B1GQ_POP,,_Z,,_Z,,_Z,,USD_PPP_PS,,V,,LA,,T0102,,2025-Q4,,45476.2,,,,,,F,,1,,P,,0,,USD,
DATAFLOW,OECD.SDD.NAD:DSD_NAMAIN1@DF_QNA_EXPENDITURE_CAPITA(1.1),,I,Q,,Y,,BGR,,S1,,S1,,B1GQ_POP,,_Z,,_Z,,_Z,,USD_PPP_PS,,LR,,LA,,T0102,,2025-Q4,,32271.6,,2020,,,,F,,1,,P,,0,,USD,
DATAFLOW,OECD.SDD.NAD:DSD_NAMAIN1@DF_QNA_EXPENDITURE_CAPITA(1.1),,I,Q,,Y,,ROU,,S1,,S1,,B1GQ_POP,,_Z,,_Z,,_Z,,USD_PPP_PS,,LR,,LA,,T0102,,2025-Q3,,37501.2,,2020,,,,F,,1,,P,,0,,USD,
DATAFLOW,OECD.SDD.NAD:DSD_NAMAIN1@DF_QNA_EXPENDITURE_CAPITA(1.1),,I,Q,,Y,,HRV,,S1,,S1,,B1GQ_POP,,_Z,,_Z,,_Z,,USD_PPP_PS,,V,,LA,,T0102,,2025-Q2,,50697.166600153,,,,,,F,,1,,P,,0,,USD,
DATAFLOW,OECD.SDD.NAD:DSD_NAMAIN1@DF_QNA_EXPENDITURE_CAPITA(1.1),,I,Q,,Y,,BGR,,S1,,S1,,B1GQ_POP,,_Z,,_Z,,_Z,,USD_PPP_PS,,V,,LA,,T0102,,2025-Q3,,44607.9,,,,,,F,,1,,P,,0,,USD,
DATAFLOW,OECD.SDD.NAD:DSD_NAMAIN1@DF_QNA_EXPENDITURE_CAPITA(1.1),,I,Q,,Y,,PRT,,S1,,S1,,B1GQ_POP,,_Z,,_Z,,_Z,,USD_PPP_PS,,V,,LA,,T0102,,2025-Q4,,54450,,,,,,F,,1,,P,,0,,USD,
DATAFLOW,OECD.SDD.NAD:DSD_NAMAIN1@DF_QNA_EXPENDITURE_CAPITA(1.1),,I,Q,,Y,,PRT,,S1,,S1,,B1GQ_POP,,_Z,,_Z,,_Z,,USD_PPP_PS,,V,,LA,,T0102,,2025-Q3,,53587,,,,,,F,,1,,P,,0,,USD,
DATAFLOW,OECD.SDD.NAD:DSD_NAMAIN1@DF_QNA_EXPENDITURE_CAPITA(1.1),,I,Q,,Y,,PRT,,S1,,S1,,B1GQ_POP,,_Z,,_Z,,_Z,,USD_PPP_PS,,LR,,LA,,T0102,,2024-Q4,,41489.2,,2020,,,,F,,1,,P,,0,,USD,
DATAFLOW,OECD.SDD.NAD:DSD_NAMAIN1@DF_QNA_EXPENDITURE_CAPITA(1.1),,I,Q,,Y,,PRT,,S1,,S1,,B1GQ_POP,,_Z,,_Z,,_Z,,USD_PPP_PS,,V,,LA,,T0102,,2025-Q2,,53147.1,,,,,,F,,1,,P,,0,,USD,
DATAFLOW,OECD.SDD.NAD:DSD_NAMAIN1@DF_QNA_EXPENDITURE_CAPITA(1.1),,I,Q,,Y,,PRT,,S1,,S1,,B1GQ_POP,,_Z,,_Z,,_Z,,USD_PPP_PS,,V,,LA,,T0102,,2025-Q1,,53080.6,,,,,,F,,1,,P,,0,,USD,
DATAFLOW,OECD.SDD.NAD:DSD_NAMAIN1@DF_QNA_EXPENDITURE_CAPITA(1.1),,I,Q,,Y,,PRT,,S1,,S1,,B1GQ_POP,,_Z,,_Z,,_Z,,USD_PPP_PS,,LR,,LA,,T0102,,2025-Q4,,41873.9,,2020,,,,F,,1,,P,,0,,USD,
DATAFLOW,OECD.SDD.NAD:DSD_NAMAIN1@DF_QNA_EXPENDITURE_CAPITA(1.1),,I,Q,,Y,,ESP,,S1,,S1,,B1GQ_POP,,_Z,,_Z,,_Z,,USD_PPP_PS,,LR,,LA,,T0102,,2025-Q3,,46820.2,,2020,,,,F,,1,,P,,0,,USD,
DATAFLOW,OECD.SDD.NAD:DSD_NAMAIN1@DF_QNA_EXPENDITURE_CAPITA(1.1),,I,Q,,Y,,PRT,,S1,,S1,,B1GQ_POP,,_Z,,_Z,,_Z,,USD_PPP_PS,,V,,LA,,T0102,,2024-Q4,,53155,,,,,,F,,1,,P,,0,,USD,
DATAFLOW,OECD.SDD.NAD:DSD_NAMAIN1@DF_QNA_EXPENDITURE_CAPITA(1.1),,I,Q,,Y,,SVN,,S1,,S1,,B1GQ_POP,,_Z,,_Z,,_Z,,USD_PPP_PS,,LR,,LA,,T0102,,2025-Q1,,47692.1,,2020,,,,F,,1,,A,,0,,USD,
DATAFLOW,OECD.SDD.NAD:DSD_NAMAIN1@DF_QNA_EXPENDITURE_CAPITA(1.1),,I,Q,,Y,,EST,,S1,,S1,,B1GQ_POP,,_Z,,_Z,,_Z,,USD_PPP_PS,,V,,LA,,T0102,,2025-Q4,,52937.9,,,,,,F,,1,,A,,0,,USD,
DATAFLOW,OECD.SDD.NAD:DSD_NAMAIN1@DF_QNA_EXPENDITURE_CAPITA(1.1),,I,Q,,Y,,EST,,S1,,S1,,B1GQ_POP,,_Z,,_Z,,_Z,,USD_PPP_PS,,V,,LA,,T0102,,2025-Q3,,52447.9,,,,,,F,,1,,A,,0,,USD,
DATAFLOW,OECD.SDD.NAD:DSD_NAMAIN1@DF_QNA_EXPENDITURE_CAPITA(1.1),,I,Q,,Y,,EST,,S1,,S1,,B1GQ_POP,,_Z,,_Z,,_Z,,USD_PPP_PS,,V,,LA,,T0102,,2025-Q2,,51922.2,,,,,,F,,1,,A,,0,,USD,
DATAFLOW,OECD.SDD.NAD:DSD_NAMAIN1@DF_QNA_EXPENDITURE_CAPITA(1.1),,I,Q,,Y,,EST,,S1,,S1,,B1GQ_POP,,_Z,,_Z,,_Z,,USD_PPP_PS,,V,,LA,,T0102,,2025-Q1,,51267.9,,,,,,F,,1,,A,,0,,USD,
DATAFLOW,OECD.SDD.NAD:DSD_NAMAIN1@DF_QNA_EXPENDITURE_CAPITA(1.1),,I,Q,,Y,,DNK,,S1,,S1,,B1GQ_POP,,_Z,,_Z,,_Z,,USD_PPP_PS,,LR,,LA,,T0102,,2025-Q1,,68391.9,,2020,,,,F,,1,,A,,0,,USD,
DATAFLOW,OECD.SDD.NAD:DSD_NAMAIN1@DF_QNA_EXPENDITURE_CAPITA(1.1),,I,Q,,Y,,DNK,,S1,,S1,,B1GQ_POP,,_Z,,_Z,,_Z,,USD_PPP_PS,,V,,LA,,T0102,,2025-Q3,,84928.4,,,,,,F,,1,,A,,0,,USD,
DATAFLOW,OECD.SDD.NAD:DSD_NAMAIN1@DF_QNA_EXPENDITURE_CAPITA(1.1),,I,Q,,Y,,BGR,,S1,,S1,,B1GQ_POP,,_Z,,_Z,,_Z,,USD_PPP_PS,,LR,,LA,,T0102,,2024-Q4,,31218.8,,2020,,,,F,,1,,A,,0,,USD,
DATAFLOW,OECD.SDD.NAD:DSD_NAMAIN1@DF_QNA_EXPENDITURE_CAPITA(1.1),,I,Q,,Y,,OECDE,,S1,,S1,,B1GQ_POP,,_Z,,_Z,,_Z,,USD_PPP_PS,,V,,LA,,T0102,,2024-Q4,,63148.3,,,,,,F,,1,,A,,0,,USD,
DATAFLOW,OECD.SDD.NAD:DSD_NAMAIN1@DF_QNA_EXPENDITURE_CAPITA(1.1),,I,Q,,Y,,OECDE,,S1,,S1,,B1GQ_POP,,_Z,,_Z,,_Z,,USD_PPP_PS,,V,,LA,,T0102,,2025-Q3,,65005.4,,,,,,F,,1,,A,,0,,USD,
DATAFLOW,OECD.SDD.NAD:DSD_NAMAIN1@DF_QNA_EXPENDITURE_CAPITA(1.1),,I,Q,,Y,,OECDE,,S1,,S1,,B1GQ_POP,,_Z,,_Z,,_Z,,USD_PPP_PS,,V,,LA,,T0102,,2025-Q2,,64303.7,,,,,,F,,1,,A,,0,,USD,
DATAFLOW,OECD.SDD.NAD:DSD_NAMAIN1@DF_QNA_EXPENDITURE_CAPITA(1.1),,I,Q,,Y,,NLD,,S1,,S1,,B1GQ_POP,,_Z,,_Z,,_Z,,USD_PPP_PS,,V,,LA,,T0102,,2025-Q4,,89343.8,,,,,,F,,1,,P,,0,,USD,
DATAFLOW,OECD.SDD.NAD:DSD_NAMAIN1@DF_QNA_EXPENDITURE_CAPITA(1.1),,I,Q,,Y,,MEX,,S1,,S1,,B1GQ_POP,,_Z,,_Z,,_Z,,USD_PPP_PS,,LR,,LA,,T0102,,2025-Q3,,21690.1,,2020,,,,F,,1,,P,,0,,USD,
DATAFLOW,OECD.SDD.NAD:DSD_NAMAIN1@DF_QNA_EXPENDITURE_CAPITA(1.1),,I,Q,,Y,,ISL,,S1,,S1,,B1GQ_POP,,_Z,,_Z,,_Z,,USD_PPP_PS,,LR,,LA,,T0102,,2024-Q4,,62573.8,,2020,,,,F,,1,,P,,0,,USD,
DATAFLOW,OECD.SDD.NAD:DSD_NAMAIN1@DF_QNA_EXPENDITURE_CAPITA(1.1),,I,Q,,Y,,GRC,,S1,,S1,,B1GQ_POP,,_Z,,_Z,,_Z,,USD_PPP_PS,,LR,,LA,,T0102,,2024-Q4,,36127.6,,2020,,,,F,,1,,P,,0,,USD,
DATAFLOW,OECD.SDD.NAD:DSD_NAMAIN1@DF_QNA_EXPENDITURE_CAPITA(1.1),,I,Q,,Y,,DEU,,S1,,S1,,B1GQ_POP,,_Z,,_Z,,_Z,,USD_PPP_PS,,V,,LA,,T0102,,2024-Q4,,74590.5,,,,,,F,,1,,P,,0,,USD,
DATAFLOW,OECD.SDD.NAD:DSD_NAMAIN1@DF_QNA_EXPENDITURE_CAPITA(1.1),,I,Q,,Y,,BEL,,S1,,S1,,B1GQ_POP,,_Z,,_Z,,_Z,,USD_PPP_PS,,LR,,LA,,T0102,,2025-Q3,,62437.9,,2020,,,,F,,1,,P,,0,,USD,
DATAFLOW,OECD.SDD.NAD:DSD_NAMAIN1@DF_QNA_EXPENDITURE_CAPITA(1.1),,I,Q,,Y,,ROU,,S1,,S1,,B1GQ_POP,,_Z,,_Z,,_Z,,USD_PPP_PS,,V,,LA,,T0102,,2024-Q4,,50155.8,,,,,,F,,1,,P,,0,,USD,
DATAFLOW,OECD.SDD.NAD:DSD_NAMAIN1@DF_QNA_EXPENDITURE_CAPITA(1.1),,I,Q,,Y,,ROU,,S1,,S1,,B1GQ_POP,,_Z,,_Z,,_Z,,USD_PPP_PS,,LR,,LA,,T0102,,2025-Q1,,37148.5,,2020,,,,F,,1,,P,,0,,USD,
DATAFLOW,OECD.SDD.NAD:DSD_NAMAIN1@DF_QNA_EXPENDITURE_CAPITA(1.1),,I,Q,,Y,,ROU,,S1,,S1,,B1GQ_POP,,_Z,,_Z,,_Z,,USD_PPP_PS,,V,,LA,,T0102,,2025-Q3,,51953.9,,,,,,F,,1,,P,,0,,USD,
DATAFLOW,OECD.SDD.NAD:DSD_NAMAIN1@DF_QNA_EXPENDITURE_CAPITA(1.1),,I,Q,,Y,,ROU,,S1,,S1,,B1GQ_POP,,_Z,,_Z,,_Z,,USD_PPP_PS,,V,,LA,,T0102,,2025-Q2,,51407.7,,,,,,F,,1,,P,,0,,USD,
DATAFLOW,OECD.SDD.NAD:DSD_NAMAIN1@DF_QNA_EXPENDITURE_CAPITA(1.1),,I,Q,,Y,,ROU,,S1,,S1,,B1GQ_POP,,_Z,,_Z,,_Z,,USD_PPP_PS,,V,,LA,,T0102,,2025-Q1,,50522.4,,,,,,F,,1,,P,,0,,USD,
DATAFLOW,OECD.SDD.NAD:DSD_NAMAIN1@DF_QNA_EXPENDITURE_CAPITA(1.1),,I,Q,,Y,,ROU,,S1,,S1,,B1GQ_POP,,_Z,,_Z,,_Z,,USD_PPP_PS,,LR,,LA,,T0102,,2024-Q4,,37324.6,,2020,,,,F,,1,,P,,0,,USD,
DATAFLOW,OECD.SDD.NAD:DSD_NAMAIN1@DF_QNA_EXPENDITURE_CAPITA(1.1),,I,Q,,Y,,ROU,,S1,,S1,,B1GQ_POP,,_Z,,_Z,,_Z,,USD_PPP_PS,,LR,,LA,,T0102,,2025-Q2,,37520,,2020,,,,F,,1,,P,,0,,USD,
DATAFLOW,OECD.SDD.NAD:DSD_NAMAIN1@DF_QNA_EXPENDITURE_CAPITA(1.1),,I,Q,,Y,,ROU,,S1,,S1,,B1GQ_POP,,_Z,,_Z,,_Z,,USD_PPP_PS,,V,,LA,,T0102,,2025-Q4,,51511.2,,,,,,F,,1,,P,,0,,USD,
DATAFLOW,OECD.SDD.NAD:DSD_NAMAIN1@DF_QNA_EXPENDITURE_CAPITA(1.1),,I,Q,,Y,,ROU,,S1,,S1,,B1GQ_POP,,_Z,,_Z,,_Z,,USD_PPP_PS,,LR,,LA,,T0102,,2025-Q4,,36794,,2020,,,,F,,1,,P,,0,,USD,
DATAFLOW,OECD.SDD.NAD:DSD_NAMAIN1@DF_QNA_EXPENDITURE_CAPITA(1.1),,I,Q,,Y,,HRV,,S1,,S1,,B1GQ_POP,,_Z,,_Z,,_Z,,USD_PPP_PS,,V,,LA,,T0102,,2025-Q1,,50026.610070458,,,,,,F,,1,,P,,0,,USD,
DATAFLOW,OECD.SDD.NAD:DSD_NAMAIN1@DF_QNA_EXPENDITURE_CAPITA(1.1),,I,Q,,Y,,HRV,,S1,,S1,,B1GQ_POP,,_Z,,_Z,,_Z,,USD_PPP_PS,,V,,LA,,T0102,,2024-Q4,,49660.471352375,,,,,,F,,1,,P,,0,,USD,
DATAFLOW,OECD.SDD.NAD:DSD_NAMAIN1@DF_QNA_EXPENDITURE_CAPITA(1.1),,I,Q,,Y,,HRV,,S1,,S1,,B1GQ_POP,,_Z,,_Z,,_Z,,USD_PPP_PS,,LR,,LA,,T0102,,2024-Q4,,39656.135620971,,2020,,,,F,,1,,P,,0,,USD,
DATAFLOW,OECD.SDD.NAD:DSD_NAMAIN1@DF_QNA_EXPENDITURE_CAPITA(1.1),,I,Q,,Y,,HRV,,S1,,S1,,B1GQ_POP,,_Z,,_Z,,_Z,,USD_PPP_PS,,V,,LA,,T0102,,2025-Q4,,52497.579281734,,,,,,F,,1,,P,,0,,USD,
DATAFLOW,OECD.SDD.NAD:DSD_NAMAIN1@DF_QNA_EXPENDITURE_CAPITA(1.1),,I,Q,,Y,,HRV,,S1,,S1,,B1GQ_POP,,_Z,,_Z,,_Z,,USD_PPP_PS,,LR,,LA,,T0102,,2025-Q4,,40817.80518478,,2020,,,,F,,1,,P,,0,,USD,
DATAFLOW,OECD.SDD.NAD:DSD_NAMAIN1@DF_QNA_EXPENDITURE_CAPITA(1.1),,I,Q,,Y,,HRV,,S1,,S1,,B1GQ_POP,,_Z,,_Z,,_Z,,USD_PPP_PS,,LR,,LA,,T0102,,2025-Q3,,40288.550782521,,2020,,,,F,,1,,P,,0,,USD,
DATAFLOW,OECD.SDD.NAD:DSD_NAMAIN1@DF_QNA_EXPENDITURE_CAPITA(1.1),,I,Q,,Y,,HRV,,S1,,S1,,B1GQ_POP,,_Z,,_Z,,_Z,,USD_PPP_PS,,LR,,LA,,T0102,,2025-Q1,,39820.469125674,,2020,,,,F,,1,,P,,0,,USD,
DATAFLOW,OECD.SDD.NAD:DSD_NAMAIN1@DF_QNA_EXPENDITURE_CAPITA(1.1),,I,Q,,Y,,HRV,,S1,,S1,,B1GQ_POP,,_Z,,_Z,,_Z,,USD_PPP_PS,,LR,,LA,,T0102,,2025-Q2,,40148.65632731,,2020,,,,F,,1,,P,,0,,USD,
DATAFLOW,OECD.SDD.NAD:DSD_NAMAIN1@DF_QNA_EXPENDITURE_CAPITA(1.1),,I,Q,,Y,,HRV,,S1,,S1,,B1GQ_POP,,_Z,,_Z,,_Z,,USD_PPP_PS,,V,,LA,,T0102,,2025-Q3,,51306.108423851,,,,,,F,,1,,P,,0,,USD,
DATAFLOW,OECD.SDD.NAD:DSD_NAMAIN1@DF_QNA_EXPENDITURE_CAPITA(1.1),,I,Q,,Y,,BGR,,S1,,S1,,B1GQ_POP,,_Z,,_Z,,_Z,,USD_PPP_PS,,V,,LA,,T0102,,2025-Q2,,44397.3,,,,,,F,,1,,P,,0,,USD,
DATAFLOW,OECD.SDD.NAD:DSD_NAMAIN1@DF_QNA_EXPENDITURE_CAPITA(1.1),,I,Q,,Y,,BGR,,S1,,S1,,B1GQ_POP,,_Z,,_Z,,_Z,,USD_PPP_PS,,V,,LA,,T0102,,2025-Q1,,44180.9,,,,,,F,,1,,P,,0,,USD,
DATAFLOW,OECD.SDD.NAD:DSD_NAMAIN1@DF_QNA_EXPENDITURE_CAPITA(1.1),,I,Q,,Y,,BGR,,S1,,S1,,B1GQ_POP,,_Z,,_Z,,_Z,,USD_PPP_PS,,LR,,LA,,T0102,,2025-Q1,,31442.1,,2020,,,,F,,1,,P,,0,,USD,
DATAFLOW,OECD.SDD.NAD:DSD_NAMAIN1@DF_QNA_EXPENDITURE_CAPITA(1.1),,I,Q,,Y,,JPN,,S1,,S1,,B1GQ_POP,,_Z,,_Z,,_Z,,USD_PPP_PS,,V,,LA,,T0102,,2025-Q2,,56546.8,,,,,,F,,1,,P,,0,,USD,
DATAFLOW,OECD.SDD.NAD:DSD_NAMAIN1@DF_QNA_EXPENDITURE_CAPITA(1.1),,I,Q,,Y,,JPN,,S1,,S1,,B1GQ_POP,,_Z,,_Z,,_Z,,USD_PPP_PS,,V,,LA,,T0102,,2025-Q1,,55854.2,,,,,,F,,1,,P,,0,,USD,
DATAFLOW,OECD.SDD.NAD:DSD_NAMAIN1@DF_QNA_EXPENDITURE_CAPITA(1.1),,I,Q,,Y,,JPN,,S1,,S1,,B1GQ_POP,,_Z,,_Z,,_Z,,USD_PPP_PS,,LR,,LA,,T0102,,2025-Q2,,47760.1,,2020,,,,F,,1,,P,,0,,USD,
DATAFLOW,OECD.SDD.NAD:DSD_NAMAIN1@DF_QNA_EXPENDITURE_CAPITA(1.1),,I,Q,,Y,,JPN,,S1,,S1,,B1GQ_POP,,_Z,,_Z,,_Z,,USD_PPP_PS,,LR,,LA,,T0102,,2025-Q1,,47463.9,,2020,,,,F,,1,,P,,0,,USD,
DATAFLOW,OECD.SDD.NAD:DSD_NAMAIN1@DF_QNA_EXPENDITURE_CAPITA(1.1),,I,Q,,Y,,ESP,,S1,,S1,,B1GQ_POP,,_Z,,_Z,,_Z,,USD_PPP_PS,,V,,LA,,T0102,,2024-Q4,,58769.8,,,,,,F,,1,,P,,0,,USD,
DATAFLOW,OECD.SDD.NAD:DSD_NAMAIN1@DF_QNA_EXPENDITURE_CAPITA(1.1),,I,Q,,Y,,ESP,,S1,,S1,,B1GQ_POP,,_Z,,_Z,,_Z,,USD_PPP_PS,,V,,LA,,T0102,,2025-Q4,,61539.9,,,,,,F,,1,,P,,0,,USD,
DATAFLOW,OECD.SDD.NAD:DSD_NAMAIN1@DF_QNA_EXPENDITURE_CAPITA(1.1),,I,Q,,Y,,ESP,,S1,,S1,,B1GQ_POP,,_Z,,_Z,,_Z,,USD_PPP_PS,,V,,LA,,T0102,,2025-Q3,,60795.8,,,,,,F,,1,,P,,0,,USD,
DATAFLOW,OECD.SDD.NAD:DSD_NAMAIN1@DF_QNA_EXPENDITURE_CAPITA(1.1),,I,Q,,Y,,ESP,,S1,,S1,,B1GQ_POP,,_Z,,_Z,,_Z,,USD_PPP_PS,,V,,LA,,T0102,,2025-Q2,,59998.5,,,,,,F,,1,,P,,0,,USD,
DATAFLOW,OECD.SDD.NAD:DSD_NAMAIN1@DF_QNA_EXPENDITURE_CAPITA(1.1),,I,Q,,Y,,ESP,,S1,,S1,,B1GQ_POP,,_Z,,_Z,,_Z,,USD_PPP_PS,,V,,LA,,T0102,,2025-Q1,,59415.3,,,,,,F,,1,,P,,0,,USD,
DATAFLOW,OECD.SDD.NAD:DSD_NAMAIN1@DF_QNA_EXPENDITURE_CAPITA(1.1),,I,Q,,Y,,ESP,,S1,,S1,,B1GQ_POP,,_Z,,_Z,,_Z,,USD_PPP_PS,,LR,,LA,,T0102,,2025-Q2,,46609.5,,2020,,,,F,,1,,P,,0,,USD,
DATAFLOW,OECD.SDD.NAD:DSD_NAMAIN1@DF_QNA_EXPENDITURE_CAPITA(1.1),,I,Q,,Y,,ESP,,S1,,S1,,B1GQ_POP,,_Z,,_Z,,_Z,,USD_PPP_PS,,LR,,LA,,T0102,,2025-Q1,,46370.7,,2020,,,,F,,1,,P,,0,,USD,
DATAFLOW,OECD.SDD.NAD:DSD_NAMAIN1@DF_QNA_EXPENDITURE_CAPITA(1.1),,I,Q,,Y,,ESP,,S1,,S1,,B1GQ_POP,,_Z,,_Z,,_Z,,USD_PPP_PS,,LR,,LA,,T0102,,2024-Q4,,46242.8,,2020,,,,F,,1,,P,,0,,USD,
DATAFLOW,OECD.SDD.NAD:DSD_NAMAIN1@DF_QNA_EXPENDITURE_CAPITA(1.1),,I,Q,,Y,,ESP,,S1,,S1,,B1GQ_POP,,_Z,,_Z,,_Z,,USD_PPP_PS,,LR,,LA,,T0102,,2025-Q4,,47065.2,,2020,,,,F,,1,,P,,0,,USD,
DATAFLOW,OECD.SDD.NAD:DSD_NAMAIN1@DF_QNA_EXPENDITURE_CAPITA(1.1),,I,Q,,Y,,PRT,,S1,,S1,,B1GQ_POP,,_Z,,_Z,,_Z,,USD_PPP_PS,,LR,,LA,,T0102,,2025-Q3,,41570,,2020,,,,F,,1,,P,,0,,USD,
DATAFLOW,OECD.SDD.NAD:DSD_NAMAIN1@DF_QNA_EXPENDITURE_CAPITA(1.1),,I,Q,,Y,,PRT,,S1,,S1,,B1GQ_POP,,_Z,,_Z,,_Z,,USD_PPP_PS,,LR,,LA,,T0102,,2025-Q2,,41426.8,,2020,,,,F,,1,,P,,0,,USD,
DATAFLOW,OECD.SDD.NAD:DSD_NAMAIN1@DF_QNA_EXPENDITURE_CAPITA(1.1),,I,Q,,Y,,PRT,,S1,,S1,,B1GQ_POP,,_Z,,_Z,,_Z,,USD_PPP_PS,,LR,,LA,,T0102,,2025-Q1,,41352.7,,2020,,,,F,,1,,P,,0,,USD,
DATAFLOW,OECD.SDD.NAD:DSD_NAMAIN1@DF_QNA_EXPENDITURE_CAPITA(1.1),,I,Q,,Y,,POL,,S1,,S1,,B1GQ_POP,,_Z,,_Z,,_Z,,USD_PPP_PS,,V,,LA,,T0102,,2025-Q3,,53683.5,,,,,,F,,1,,P,,0,,USD,
DATAFLOW,OECD.SDD.NAD:DSD_NAMAIN1@DF_QNA_EXPENDITURE_CAPITA(1.1),,I,Q,,Y,,POL,,S1,,S1,,B1GQ_POP,,_Z,,_Z,,_Z,,USD_PPP_PS,,V,,LA,,T0102,,2025-Q2,,52656.1,,,,,,F,,1,,P,,0,,USD,
DATAFLOW,OECD.SDD.NAD:DSD_NAMAIN1@DF_QNA_EXPENDITURE_CAPITA(1.1),,I,Q,,Y,,POL,,S1,,S1,,B1GQ_POP,,_Z,,_Z,,_Z,,USD_PPP_PS,,V,,LA,,T0102,,2025-Q1,,51879.1,,,,,,F,,1,,P,,0,,USD,
DATAFLOW,OECD.SDD.NAD:DSD_NAMAIN1@DF_QNA_EXPENDITURE_CAPITA(1.1),,I,Q,,Y,,POL,,S1,,S1,,B1GQ_POP,,_Z,,_Z,,_Z,,USD_PPP_PS,,LR,,LA,,T0102,,2025-Q2,,44516.5,,2020,,,,F,,1,,P,,0,,USD,
DATAFLOW,OECD.SDD.NAD:DSD_NAMAIN1@DF_QNA_EXPENDITURE_CAPITA(1.1),,I,Q,,Y,,POL,,S1,,S1,,B1GQ_POP,,_Z,,_Z,,_Z,,USD_PPP_PS,,LR,,LA,,T0102,,2025-Q1,,44088.1,,2020,,,,F,,1,,P,,0,,USD,
DATAFLOW,OECD.SDD.NAD:DSD_NAMAIN1@DF_QNA_EXPENDITURE_CAPITA(1.1),,I,Q,,Y,,POL,,S1,,S1,,B1GQ_POP,,_Z,,_Z,,_Z,,USD_PPP_PS,,LR,,LA,,T0102,,2025-Q4,,45480.1,,2020,,,,F,,1,,P,,0,,USD,
DATAFLOW,OECD.SDD.NAD:DSD_NAMAIN1@DF_QNA_EXPENDITURE_CAPITA(1.1),,I,Q,,Y,,ZAF,,S1,,S1,,B1GQ_POP,,_Z,,_Z,,_Z,,USD_PPP_PS,,V,,LA,,T0102,,2025-Q2,,16616.7,,,,,,F,,1,,A,,0,,USD,
DATAFLOW,OECD.SDD.NAD:DSD_NAMAIN1@DF_QNA_EXPENDITURE_CAPITA(1.1),,I,Q,,Y,,ITA,,S1,,S1,,B1GQ_POP,,_Z,,_Z,,_Z,,USD_PPP_PS,,V,,LA,,T0102,,2025-Q2,,62775,,,,,,F,,1,,E,,0,,USD,
DATAFLOW,OECD.SDD.NAD:DSD_NAMAIN1@DF_QNA_EXPENDITURE_CAPITA(1.1),,I,Q,,Y,,POL,,S1,,S1,,B1GQ_POP,,_Z,,_Z,,_Z,,USD_PPP_PS,,LR,,LA,,T0102,,2025-Q3,,44969.5,,2020,,,,F,,1,,P,,0,,USD,
DATAFLOW,OECD.SDD.NAD:DSD_NAMAIN1@DF_QNA_EXPENDITURE_CAPITA(1.1),,I,Q,,Y,,NLD,,S1,,S1,,B1GQ_POP,,_Z,,_Z,,_Z,,USD_PPP_PS,,V,,LA,,T0102,,2025-Q3,,88223.7,,,,,,F,,1,,P,,0,,USD,
DATAFLOW,OECD.SDD.NAD:DSD_NAMAIN1@DF_QNA_EXPENDITURE_CAPITA(1.1),,I,Q,,Y,,BEL,,S1,,S1,,B1GQ_POP,,_Z,,_Z,,_Z,,USD_PPP_PS,,LR,,LA,,T0102,,2025-Q1,,62261.3,,2020,,,,F,,1,,P,,0,,USD,
DATAFLOW,OECD.SDD.NAD:DSD_NAMAIN1@DF_QNA_EXPENDITURE_CAPITA(1.1),,I,Q,,Y,,BEL,,S1,,S1,,B1GQ_POP,,_Z,,_Z,,_Z,,USD_PPP_PS,,LR,,LA,,T0102,,2024-Q4,,62081.1,,2020,,,,F,,1,,P,,0,,USD,
DATAFLOW,OECD.SDD.NAD:DSD_NAMAIN1@DF_QNA_EXPENDITURE_CAPITA(1.1),,I,Q,,Y,,BEL,,S1,,S1,,B1GQ_POP,,_Z,,_Z,,_Z,,USD_PPP_PS,,LR,,LA,,T0102,,2025-Q4,,62463,,2020,,,,F,,1,,P,,0,,USD,
DATAFLOW,OECD.SDD.NAD:DSD_NAMAIN1@DF_QNA_EXPENDITURE_CAPITA(1.1),,I,Q,,Y,,DEU,,S1,,S1,,B1GQ_POP,,_Z,,_Z,,_Z,,USD_PPP_PS,,LR,,LA,,T0102,,2025-Q4,,61366.1,,2020,,,,F,,1,,P,,0,,USD,
DATAFLOW,OECD.SDD.NAD:DSD_NAMAIN1@DF_QNA_EXPENDITURE_CAPITA(1.1),,I,Q,,Y,,DEU,,S1,,S1,,B1GQ_POP,,_Z,,_Z,,_Z,,USD_PPP_PS,,LR,,LA,,T0102,,2025-Q3,,61167.3,,2020,,,,F,,1,,P,,0,,USD,
DATAFLOW,OECD.SDD.NAD:DSD_NAMAIN1@DF_QNA_EXPENDITURE_CAPITA(1.1),,I,Q,,Y,,BEL,,S1,,S1,,B1GQ_POP,,_Z,,_Z,,_Z,,USD_PPP_PS,,V,,LA,,T0102,,2024-Q4,,74509.1,,,,,,F,,1,,P,,0,,USD,
DATAFLOW,OECD.SDD.NAD:DSD_NAMAIN1@DF_QNA_EXPENDITURE_CAPITA(1.1),,I,Q,,Y,,BEL,,S1,,S1,,B1GQ_POP,,_Z,,_Z,,_Z,,USD_PPP_PS,,V,,LA,,T0102,,2025-Q3,,75761.4,,,,,,F,,1,,P,,0,,USD,
DATAFLOW,OECD.SDD.NAD:DSD_NAMAIN1@DF_QNA_EXPENDITURE_CAPITA(1.1),,I,Q,,Y,,BEL,,S1,,S1,,B1GQ_POP,,_Z,,_Z,,_Z,,USD_PPP_PS,,V,,LA,,T0102,,2025-Q2,,75147.2,,,,,,F,,1,,P,,0,,USD,
DATAFLOW,OECD.SDD.NAD:DSD_NAMAIN1@DF_QNA_EXPENDITURE_CAPITA(1.1),,I,Q,,Y,,BEL,,S1,,S1,,B1GQ_POP,,_Z,,_Z,,_Z,,USD_PPP_PS,,V,,LA,,T0102,,2025-Q1,,74971.6,,,,,,F,,1,,P,,0,,USD,
DATAFLOW,OECD.SDD.NAD:DSD_NAMAIN1@DF_QNA_EXPENDITURE_CAPITA(1.1),,I,Q,,Y,,BEL,,S1,,S1,,B1GQ_POP,,_Z,,_Z,,_Z,,USD_PPP_PS,,V,,LA,,T0102,,2025-Q4,,76412.8,,,,,,F,,1,,P,,0,,USD,
DATAFLOW,OECD.SDD.NAD:DSD_NAMAIN1@DF_QNA_EXPENDITURE_CAPITA(1.1),,I,Q,,Y,,BEL,,S1,,S1,,B1GQ_POP,,_Z,,_Z,,_Z,,USD_PPP_PS,,LR,,LA,,T0102,,2025-Q2,,62340.8,,2020,,,,F,,1,,P,,0,,USD,
DATAFLOW,OECD.SDD.NAD:DSD_NAMAIN1@DF_QNA_EXPENDITURE_CAPITA(1.1),,I,Q,,Y,,HUN,,S1,,S1,,B1GQ_POP,,_Z,,_Z,,_Z,,USD_PPP_PS,,LR,,LA,,T0102,,2025-Q1,,40293.7,,2020,,,,F,,1,,P,,0,,USD,
